College,Year,Credit Enrollment Count,Credit Success Count,Degree Applicable Enrollment Count,Degree Applicable Success Count,Transferable Enrollment Count,Transferable Success Count
Alameda,2014-2015,23525.0,15281.0,21413.0,13913.0,18012.0,11572.0
Alameda,2015-2016,24761.0,16630.0,22535.0,15174.0,18752.0,12362.0
Alameda,2016-2017,22700.0,15750.0,20742.0,14374.0,17809.0,12191.0
Alameda,2017-2018,22762.0,15769.0,21082.0,14612.0,18116.0,12519.0
Alameda,2018-2019,22585.0,16264.0,20698.0,14833.0,18783.0,13450.0
Alameda,2019-2020,18626.0,14605.0,17650.0,13753.0,15787.0,12248.0
Alameda,2020-2021,18475.0,13439.0,17627.0,12720.0,15933.0,11465.0
Alameda,2021-2022,15439.0,10871.0,14809.0,10366.0,13342.0,9286.0
Alameda,2022-2023,17391.0,11855.0,16693.0,11274.0,15104.0,10150.0
Alameda,2023-2024,18507.0,12985.0,17697.0,12296.0,16080.0,11093.0
Allan Hancock,2014-2015,57611.0,41037.0,53234.0,38196.0,44664.0,31246.0
Allan Hancock,2015-2016,57394.0,41505.0,53639.0,39076.0,45236.0,32136.0
Allan Hancock,2016-2017,58304.0,42774.0,54741.0,40435.0,46246.0,33610.0
Allan Hancock,2017-2018,56777.0,41680.0,53903.0,39758.0,45620.0,33040.0
Allan Hancock,2018-2019,56010.0,40896.0,54140.0,39644.0,46788.0,33694.0
Allan Hancock,2019-2020,53230.0,41546.0,52308.0,40840.0,44557.0,34171.0
Allan Hancock,2020-2021,50022.0,36895.0,49292.0,36338.0,41705.0,30315.0
Allan Hancock,2021-2022,47942.0,34003.0,47397.0,33589.0,39683.0,27530.0
Allan Hancock,2022-2023,50385.0,36587.0,49124.0,35956.0,42440.0,30152.0
Allan Hancock,2023-2024,53263.0,39383.0,52529.0,38908.0,45097.0,32805.0
American River,2014-2015,150330.0,104649.0,129013.0,88546.0,110201.0,75457.0
American River,2015-2016,154051.0,110939.0,130849.0,93207.0,106186.0,74244.0
American River,2016-2017,149510.0,109635.0,127974.0,93278.0,100791.0,71034.0
American River,2017-2018,145493.0,108986.0,123061.0,91465.0,94394.0,67649.0
American River,2018-2019,148456.0,112411.0,127275.0,95552.0,97822.0,70590.0
American River,2019-2020,128191.0,100862.0,111905.0,87450.0,89949.0,68348.0
American River,2020-2021,112954.0,81411.0,101023.0,72328.0,90260.0,64130.0
American River,2021-2022,111338.0,81718.0,100614.0,73562.0,83698.0,59279.0
American River,2022-2023,119090.0,90988.0,106952.0,81694.0,84183.0,60733.0
American River,2023-2024,130386.0,99971.0,117537.0,89820.0,94328.0,68605.0
Antelope Valley,2014-2015,83156.0,57255.0,71552.0,50414.0,65179.0,45856.0
Antelope Valley,2015-2016,80697.0,56110.0,70611.0,50061.0,64263.0,45581.0
Antelope Valley,2016-2017,79757.0,56434.0,69877.0,50034.0,63420.0,45384.0
Antelope Valley,2017-2018,80904.0,58141.0,69975.0,50655.0,62780.0,45286.0
Antelope Valley,2018-2019,79415.0,56906.0,72448.0,52316.0,64231.0,46337.0
Antelope Valley,2019-2020,74862.0,54549.0,74091.0,54112.0,67329.0,49186.0
Antelope Valley,2020-2021,62184.0,45886.0,61820.0,45712.0,56282.0,41450.0
Antelope Valley,2021-2022,55314.0,39482.0,55058.0,39334.0,50064.0,35587.0
Antelope Valley,2022-2023,60271.0,43427.0,60024.0,43259.0,54329.0,38497.0
Antelope Valley,2023-2024,66646.0,48039.0,66274.0,47789.0,60294.0,42817.0
Bakersfield,2014-2015,103752.0,70936.0,84656.0,57018.0,76045.0,51151.0
Bakersfield,2015-2016,111176.0,75869.0,92201.0,62763.0,82574.0,56170.0
Bakersfield,2016-2017,118478.0,82304.0,100082.0,69397.0,90783.0,62918.0
Bakersfield,2017-2018,122787.0,88191.0,105014.0,75923.0,93120.0,67356.0
Bakersfield,2018-2019,131700.0,92725.0,120656.0,84940.0,94849.0,66985.0
Bakersfield,2019-2020,123181.0,91094.0,119249.0,87669.0,98801.0,72368.0
Bakersfield,2020-2021,124480.0,83348.0,118741.0,78247.0,98996.0,64450.0
Bakersfield,2021-2022,117221.0,78987.0,112304.0,74781.0,96233.0,63470.0
Bakersfield,2022-2023,133219.0,92235.0,128732.0,88264.0,120536.0,81849.0
Bakersfield,2023-2024,144912.0,103104.0,140456.0,99091.0,131390.0,91840.0
Barstow,2014-2015,19889.0,13998.0,18345.0,13004.0,0.0,0.0
Barstow,2015-2016,18997.0,13981.0,17481.0,12885.0,7332.0,5381.0
Barstow,2016-2017,19057.0,13854.0,17581.0,12807.0,14808.0,10738.0
Barstow,2017-2018,18320.0,13442.0,16737.0,12358.0,14109.0,10385.0
Barstow,2018-2019,17936.0,13500.0,17077.0,12904.0,8233.0,6226.0
Barstow,2019-2020,16975.0,12723.0,16916.0,12677.0,3175.0,2188.0
Barstow,2020-2021,13296.0,10202.0,13249.0,10159.0,2315.0,1628.0
Barstow,2021-2022,12757.0,9574.0,12677.0,9508.0,7014.0,5175.0
Barstow,2022-2023,15626.0,11445.0,15546.0,11378.0,14523.0,10542.0
Barstow,2023-2024,17361.0,12419.0,17284.0,12351.0,16054.0,11392.0
Berkeley City,2014-2015,30563.0,19234.0,28859.0,18406.0,26480.0,16888.0
Berkeley City,2015-2016,32376.0,20659.0,30783.0,19901.0,28249.0,18324.0
Berkeley City,2016-2017,30345.0,19247.0,28995.0,18551.0,26918.0,17271.0
Berkeley City,2017-2018,28401.0,18187.0,27176.0,17534.0,25397.0,16426.0
Berkeley City,2018-2019,26137.0,17733.0,24961.0,16966.0,23888.0,16365.0
Berkeley City,2019-2020,21819.0,16621.0,21619.0,16439.0,20306.0,15526.0
Berkeley City,2020-2021,21537.0,15695.0,21311.0,15533.0,20270.0,14822.0
Berkeley City,2021-2022,18139.0,12520.0,17998.0,12417.0,17249.0,11928.0
Berkeley City,2022-2023,20151.0,13727.0,19986.0,13597.0,19371.0,13200.0
Berkeley City,2023-2024,21580.0,14838.0,21400.0,14724.0,20720.0,14245.0
Butte,2014-2015,77491.0,55280.0,75300.0,54083.0,66308.0,48011.0
Butte,2015-2016,72980.0,52612.0,71204.0,51566.0,62923.0,45879.0
Butte,2016-2017,70020.0,51821.0,68419.0,50843.0,60227.0,45301.0
Butte,2017-2018,67466.0,50036.0,66538.0,49484.0,58689.0,43981.0
Butte,2018-2019,63199.0,49154.0,62706.0,48810.0,56768.0,44458.0
Butte,2019-2020,57190.0,45221.0,57034.0,45094.0,53203.0,41925.0
Butte,2020-2021,52431.0,38668.0,52363.0,38615.0,49231.0,36073.0
Butte,2021-2022,53636.0,39841.0,53530.0,39764.0,50505.0,37333.0
Butte,2022-2023,54067.0,40673.0,53986.0,40620.0,51703.0,38650.0
Butte,2023-2024,58207.0,44065.0,58092.0,43979.0,55941.0,42143.0
Cabrillo,2014-2015,78821.0,57160.0,75105.0,54461.0,59679.0,43063.0
Cabrillo,2015-2016,76884.0,56386.0,73469.0,53889.0,58613.0,42660.0
Cabrillo,2016-2017,72547.0,53392.0,69926.0,51534.0,57325.0,42360.0
Cabrillo,2017-2018,70085.0,51599.0,67662.0,49882.0,55594.0,41049.0
Cabrillo,2018-2019,67218.0,49462.0,65389.0,48096.0,56554.0,41788.0
Cabrillo,2019-2020,57807.0,45205.0,56119.0,43982.0,50356.0,39617.0
Cabrillo,2020-2021,53995.0,39638.0,52235.0,38548.0,47316.0,34464.0
Cabrillo,2021-2022,50584.0,35996.0,48821.0,34941.0,44472.0,31483.0
Cabrillo,2022-2023,43171.0,31656.0,42089.0,30891.0,37621.0,27089.0
Cabrillo,2023-2024,46261.0,34324.0,45197.0,33452.0,40266.0,29269.0
Canada,2014-2015,28952.0,20287.0,25741.0,18364.0,24002.0,17237.0
Canada,2015-2016,28523.0,20100.0,25857.0,18396.0,24453.0,17582.0
Canada,2016-2017,27513.0,19691.0,25122.0,18128.0,24013.0,17474.0
Canada,2017-2018,24880.0,17766.0,23117.0,16670.0,22227.0,16155.0
Canada,2018-2019,24229.0,17318.0,22579.0,16301.0,21808.0,15869.0
Canada,2019-2020,22219.0,16406.0,20788.0,15447.0,20441.0,15204.0
Canada,2020-2021,19358.0,15873.0,18470.0,15268.0,18242.0,15083.0
Canada,2021-2022,18907.0,14590.0,18097.0,14054.0,17913.0,13905.0
Canada,2022-2023,21094.0,14927.0,19906.0,14277.0,19875.0,14247.0
Canada,2023-2024,23983.0,17506.0,22569.0,16595.0,22544.0,16571.0
Canyons,2014-2015,110726.0,84407.0,102906.0,79093.0,87353.0,65939.0
Canyons,2015-2016,109599.0,84262.0,102966.0,79974.0,88898.0,68221.0
Canyons,2016-2017,109932.0,83988.0,103064.0,79635.0,90239.0,68682.0
Canyons,2017-2018,109828.0,85020.0,103662.0,81269.0,90451.0,69606.0
Canyons,2018-2019,110880.0,87248.0,107111.0,85008.0,90486.0,69587.0
Canyons,2019-2020,102439.0,79815.0,100328.0,78277.0,91954.0,70627.0
Canyons,2020-2021,97432.0,79851.0,95523.0,78363.0,83698.0,67079.0
Canyons,2021-2022,87449.0,69409.0,86426.0,68656.0,77041.0,59743.0
Canyons,2022-2023,97920.0,81315.0,97515.0,80944.0,75077.0,58689.0
Canyons,2023-2024,101428.0,83325.0,101007.0,82920.0,79096.0,61194.0
Cerritos,2014-2015,123133.0,83924.0,109598.0,75950.0,98348.0,68239.0
Cerritos,2015-2016,121786.0,82890.0,108701.0,75150.0,98114.0,67995.0
Cerritos,2016-2017,114264.0,78631.0,102704.0,71892.0,92257.0,65019.0
Cerritos,2017-2018,112127.0,75969.0,101648.0,70075.0,91011.0,63247.0
Cerritos,2018-2019,114003.0,79011.0,106050.0,74812.0,92343.0,64800.0
Cerritos,2019-2020,109012.0,79018.0,104377.0,76242.0,94157.0,68631.0
Cerritos,2020-2021,108882.0,72332.0,106560.0,71150.0,96495.0,63543.0
Cerritos,2021-2022,94958.0,63524.0,93544.0,62838.0,84066.0,55220.0
Cerritos,2022-2023,95387.0,63578.0,94936.0,63309.0,90117.0,60303.0
Cerritos,2023-2024,102606.0,69456.0,102146.0,69170.0,99279.0,67006.0
Cerro Coso,2014-2015,19608.0,13796.0,16865.0,11461.0,14792.0,10107.0
Cerro Coso,2015-2016,19791.0,13744.0,17132.0,11554.0,15132.0,10250.0
Cerro Coso,2016-2017,20699.0,14953.0,18489.0,12943.0,16605.0,11793.0
Cerro Coso,2017-2018,22612.0,16889.0,20731.0,15221.0,18748.0,13895.0
Cerro Coso,2018-2019,24163.0,18460.0,22839.0,17222.0,20687.0,15769.0
Cerro Coso,2019-2020,21870.0,17047.0,21511.0,16725.0,20479.0,16028.0
Cerro Coso,2020-2021,21475.0,16365.0,20839.0,15763.0,19651.0,14908.0
Cerro Coso,2021-2022,19798.0,14751.0,19271.0,14254.0,18092.0,13413.0
Cerro Coso,2022-2023,20464.0,15574.0,19890.0,15072.0,18618.0,14099.0
Cerro Coso,2023-2024,21873.0,16603.0,21085.0,15826.0,19254.0,14309.0
Chabot Hayward,2014-2015,70102.0,48324.0,63288.0,43611.0,59619.0,41509.0
Chabot Hayward,2015-2016,70873.0,48788.0,64383.0,44355.0,60225.0,41774.0
Chabot Hayward,2016-2017,70771.0,49313.0,64700.0,45139.0,60319.0,42358.0
Chabot Hayward,2017-2018,70182.0,49381.0,64070.0,45332.0,60193.0,42784.0
Chabot Hayward,2018-2019,70528.0,51198.0,65181.0,47545.0,61636.0,45098.0
Chabot Hayward,2019-2020,62490.0,48441.0,59357.0,46075.0,57353.0,44458.0
Chabot Hayward,2020-2021,53603.0,42308.0,51522.0,40610.0,50393.0,39764.0
Chabot Hayward,2021-2022,50351.0,36712.0,48603.0,35287.0,47086.0,34025.0
Chabot Hayward,2022-2023,53145.0,38933.0,51838.0,37903.0,51379.0,37573.0
Chabot Hayward,2023-2024,57265.0,40948.0,56361.0,40190.0,56093.0,40030.0
Chaffey,2014-2015,102295.0,73054.0,97201.0,69746.0,80382.0,58497.0
Chaffey,2015-2016,112007.0,78387.0,107309.0,75294.0,90137.0,63993.0
Chaffey,2016-2017,115354.0,80472.0,110790.0,77503.0,93506.0,66172.0
Chaffey,2017-2018,117169.0,81712.0,113236.0,79232.0,96283.0,68129.0
Chaffey,2018-2019,118060.0,82071.0,108950.0,77727.0,99926.0,71016.0
Chaffey,2019-2020,113811.0,81186.0,109983.0,79168.0,103184.0,73649.0
Chaffey,2020-2021,100274.0,69459.0,99097.0,68853.0,92945.0,64109.0
Chaffey,2021-2022,92820.0,61534.0,92490.0,61351.0,86296.0,56744.0
Chaffey,2022-2023,100171.0,66166.0,99785.0,65938.0,92633.0,60678.0
Chaffey,2023-2024,106527.0,75730.0,104848.0,74770.0,97716.0,69097.0
Citrus,2014-2015,80470.0,56908.0,72112.0,51887.0,64238.0,46341.0
Citrus,2015-2016,82367.0,57905.0,74533.0,53226.0,67225.0,48013.0
Citrus,2016-2017,82751.0,58633.0,75920.0,54341.0,68738.0,49201.0
Citrus,2017-2018,81473.0,58056.0,75010.0,54063.0,67820.0,48881.0
Citrus,2018-2019,82222.0,58688.0,79227.0,56901.0,70555.0,50823.0
Citrus,2019-2020,74361.0,55667.0,71615.0,53799.0,67107.0,50303.0
Citrus,2020-2021,66313.0,48531.0,64196.0,47080.0,60653.0,44345.0
Citrus,2021-2022,56133.0,41135.0,54569.0,40063.0,50834.0,37016.0
Citrus,2022-2023,58388.0,43318.0,56463.0,41947.0,52590.0,38686.0
Citrus,2023-2024,60287.0,45717.0,58367.0,44380.0,54701.0,41244.0
Clovis,2014-2015,0.0,0.0,0.0,0.0,0.0,0.0
Clovis,2015-2016,30865.0,21589.0,29832.0,20944.0,27576.0,19524.0
Clovis,2016-2017,32792.0,23912.0,31660.0,23196.0,29385.0,21836.0
Clovis,2017-2018,35175.0,25749.0,33932.0,24952.0,31694.0,23654.0
Clovis,2018-2019,37589.0,27709.0,35988.0,26807.0,34531.0,25987.0
Clovis,2019-2020,38917.0,30064.0,37955.0,29488.0,37429.0,29143.0
Clovis,2020-2021,35687.0,27495.0,35163.0,27195.0,34766.0,26944.0
Clovis,2021-2022,33566.0,24742.0,33084.0,24499.0,32704.0,24277.0
Clovis,2022-2023,35164.0,26083.0,34732.0,25857.0,34657.0,25803.0
Clovis,2023-2024,39646.0,30167.0,39360.0,30037.0,39330.0,30013.0
Coastline,2014-2015,46876.0,30210.0,43837.0,28033.0,42068.0,27066.0
Coastline,2015-2016,47462.0,30897.0,44456.0,28623.0,42568.0,27490.0
Coastline,2016-2017,44701.0,29726.0,42159.0,27898.0,40369.0,26858.0
Coastline,2017-2018,45338.0,31766.0,42882.0,30010.0,41106.0,28884.0
Coastline,2018-2019,43689.0,30893.0,41941.0,29596.0,40575.0,28725.0
Coastline,2019-2020,41342.0,30055.0,40255.0,29182.0,39339.0,28614.0
Coastline,2020-2021,31300.0,23838.0,30619.0,23284.0,30057.0,22912.0
Coastline,2021-2022,25996.0,19621.0,25438.0,19198.0,24832.0,18793.0
Coastline,2022-2023,28709.0,20856.0,28061.0,20392.0,27676.0,20132.0
Coastline,2023-2024,31439.0,22968.0,30799.0,22508.0,30616.0,22348.0
Columbia,2014-2015,13277.0,9767.0,12865.0,9452.0,9684.0,7096.0
Columbia,2015-2016,13254.0,9694.0,12795.0,9346.0,9829.0,7103.0
Columbia,2016-2017,13237.0,9875.0,12936.0,9689.0,9764.0,7253.0
Columbia,2017-2018,13081.0,9892.0,12823.0,9724.0,10099.0,7657.0
Columbia,2018-2019,13218.0,9946.0,13110.0,9902.0,10884.0,8212.0
Columbia,2019-2020,12289.0,9846.0,12230.0,9805.0,10528.0,8466.0
Columbia,2020-2021,9547.0,8042.0,9529.0,8030.0,8468.0,7106.0
Columbia,2021-2022,10892.0,7912.0,10877.0,7901.0,9265.0,6697.0
Columbia,2022-2023,12073.0,9042.0,12048.0,9022.0,10136.0,7396.0
Columbia,2023-2024,13403.0,10110.0,13385.0,10096.0,11111.0,8174.0
Compton,2014-2015,34405.0,21636.0,30617.0,19546.0,26133.0,17065.0
Compton,2015-2016,32708.0,21442.0,29439.0,19637.0,25485.0,17454.0
Compton,2016-2017,33817.0,22450.0,30713.0,20720.0,26597.0,18484.0
Compton,2017-2018,32150.0,21524.0,29691.0,20077.0,26020.0,17990.0
Compton,2018-2019,29854.0,20103.0,28318.0,19275.0,25659.0,17854.0
Compton,2019-2020,23638.0,17062.0,22992.0,16757.0,21895.0,16256.0
Compton,2020-2021,19854.0,13940.0,19714.0,13855.0,19231.0,13607.0
Compton,2021-2022,17556.0,11888.0,17399.0,11771.0,17100.0,11621.0
Compton,2022-2023,18615.0,12572.0,18400.0,12430.0,18232.0,12331.0
Compton,2023-2024,22274.0,14907.0,22136.0,14801.0,22084.0,14762.0
Contra Costa,2014-2015,34575.0,24705.0,28706.0,21065.0,24830.0,18166.0
Contra Costa,2015-2016,33836.0,24125.0,28435.0,20619.0,25372.0,18351.0
Contra Costa,2016-2017,33501.0,23552.0,28527.0,20384.0,25375.0,18046.0
Contra Costa,2017-2018,32492.0,23097.0,28694.0,20684.0,25999.0,18692.0
Contra Costa,2018-2019,33380.0,23507.0,30472.0,21725.0,27780.0,19823.0
Contra Costa,2019-2020,28765.0,21906.0,27464.0,20947.0,24844.0,19054.0
Contra Costa,2020-2021,26386.0,19553.0,25644.0,18995.0,23642.0,17466.0
Contra Costa,2021-2022,24983.0,17368.0,24433.0,17032.0,22637.0,15706.0
Contra Costa,2022-2023,26437.0,18601.0,26097.0,18368.0,24156.0,17064.0
Contra Costa,2023-2024,42296.0,30737.0,41750.0,30375.0,39322.0,28536.0
Copper Mountain,2014-2015,9282.0,6457.0,7476.0,5342.0,6442.0,4620.0
Copper Mountain,2015-2016,9487.0,6944.0,7755.0,5781.0,6705.0,5068.0
Copper Mountain,2016-2017,8998.0,6665.0,7631.0,5741.0,6707.0,5074.0
Copper Mountain,2017-2018,9539.0,7175.0,8174.0,6259.0,7158.0,5537.0
Copper Mountain,2018-2019,8969.0,6814.0,8180.0,6310.0,7198.0,5585.0
Copper Mountain,2019-2020,7854.0,5968.0,7618.0,5828.0,6926.0,5364.0
Copper Mountain,2020-2021,7557.0,5519.0,7453.0,5467.0,6892.0,5020.0
Copper Mountain,2021-2022,6439.0,4715.0,6339.0,4656.0,5918.0,4338.0
Copper Mountain,2022-2023,6528.0,4863.0,6388.0,4746.0,6113.0,4539.0
Copper Mountain,2023-2024,7190.0,5397.0,7054.0,5292.0,6728.0,5049.0
Cosumnes River,2014-2015,72927.0,46587.0,68023.0,43455.0,58210.0,37520.0
Cosumnes River,2015-2016,71976.0,47101.0,67069.0,44063.0,57132.0,37853.0
Cosumnes River,2016-2017,70077.0,47071.0,65306.0,44026.0,55343.0,37859.0
Cosumnes River,2017-2018,69825.0,47741.0,65159.0,44817.0,55532.0,38987.0
Cosumnes River,2018-2019,70691.0,48996.0,66354.0,46264.0,57556.0,40944.0
Cosumnes River,2019-2020,67416.0,49888.0,64080.0,47667.0,57131.0,42801.0
Cosumnes River,2020-2021,64746.0,44773.0,62894.0,43525.0,55989.0,38967.0
Cosumnes River,2021-2022,58782.0,40072.0,57155.0,38991.0,51584.0,35307.0
Cosumnes River,2022-2023,61092.0,43338.0,59410.0,42268.0,54656.0,38726.0
Cosumnes River,2023-2024,69281.0,49379.0,67467.0,48178.0,62104.0,44185.0
Crafton Hills,2014-2015,32785.0,24010.0,30276.0,22256.0,24752.0,18009.0
Crafton Hills,2015-2016,32456.0,23459.0,29788.0,21584.0,25077.0,18210.0
Crafton Hills,2016-2017,31619.0,22747.0,28869.0,20868.0,24197.0,17423.0
Crafton Hills,2017-2018,32090.0,22938.0,29771.0,21453.0,25292.0,18246.0
Crafton Hills,2018-2019,33144.0,24359.0,31184.0,23113.0,26599.0,19633.0
Crafton Hills,2019-2020,31517.0,24068.0,30286.0,23194.0,27359.0,20778.0
Crafton Hills,2020-2021,30354.0,22197.0,29589.0,21643.0,26479.0,19149.0
Crafton Hills,2021-2022,25436.0,18327.0,24762.0,17814.0,22773.0,16399.0
Crafton Hills,2022-2023,25712.0,19055.0,24861.0,18439.0,22659.0,16657.0
Crafton Hills,2023-2024,29564.0,22263.0,28816.0,21689.0,26454.0,19724.0
Cuesta,2014-2015,51817.0,37704.0,49662.0,36428.0,43561.0,32035.0
Cuesta,2015-2016,52651.0,39072.0,50825.0,37959.0,43048.0,31946.0
Cuesta,2016-2017,51407.0,38105.0,49665.0,36911.0,41734.0,30886.0
Cuesta,2017-2018,51222.0,38564.0,49736.0,37555.0,42477.0,31949.0
Cuesta,2018-2019,51514.0,38633.0,50532.0,37929.0,44108.0,32995.0
Cuesta,2019-2020,47178.0,38399.0,47032.0,38305.0,42292.0,34490.0
Cuesta,2020-2021,47606.0,34947.0,47521.0,34902.0,44168.0,32377.0
Cuesta,2021-2022,44766.0,32987.0,44655.0,32903.0,41329.0,30360.0
Cuesta,2022-2023,45833.0,34305.0,45749.0,34226.0,42457.0,31453.0
Cuesta,2023-2024,47726.0,36062.0,47620.0,35957.0,44174.0,32842.0
Cuyamaca,2014-2015,39687.0,28907.0,34693.0,25234.0,32822.0,23892.0
Cuyamaca,2015-2016,40986.0,30565.0,36017.0,26725.0,34307.0,25518.0
Cuyamaca,2016-2017,42913.0,32049.0,37623.0,28015.0,36045.0,26906.0
Cuyamaca,2017-2018,42306.0,32268.0,36833.0,28193.0,35597.0,27313.0
Cuyamaca,2018-2019,40698.0,30901.0,36492.0,27720.0,35414.0,26858.0
Cuyamaca,2019-2020,37335.0,30171.0,34473.0,27928.0,33542.0,27123.0
Cuyamaca,2020-2021,35798.0,27359.0,33520.0,25759.0,32976.0,25293.0
Cuyamaca,2021-2022,33165.0,24672.0,31354.0,23486.0,30760.0,23014.0
Cuyamaca,2022-2023,35250.0,25868.0,33266.0,24512.0,32747.0,24076.0
Cuyamaca,2023-2024,38559.0,29596.0,36199.0,27864.0,35233.0,26990.0
Cypress,2014-2015,85056.0,60070.0,78579.0,55826.0,73479.0,52523.0
Cypress,2015-2016,85475.0,60645.0,78629.0,56391.0,74029.0,53346.0
Cypress,2016-2017,83603.0,59635.0,76845.0,55358.0,72737.0,52802.0
Cypress,2017-2018,82089.0,59215.0,75877.0,55402.0,72088.0,52876.0
Cypress,2018-2019,82147.0,59668.0,77426.0,56989.0,73934.0,54772.0
Cypress,2019-2020,79700.0,60678.0,77180.0,59086.0,74317.0,57094.0
Cypress,2020-2021,72585.0,57113.0,70641.0,55860.0,68039.0,54001.0
Cypress,2021-2022,66590.0,50149.0,65292.0,49392.0,62992.0,47892.0
Cypress,2022-2023,69981.0,49624.0,68490.0,48906.0,67499.0,48135.0
Cypress,2023-2024,76643.0,55561.0,75061.0,54800.0,73921.0,53900.0
Deanza,2014-2015,171204.0,128972.0,150959.0,113891.0,146152.0,110660.0
Deanza,2015-2016,167173.0,127389.0,149420.0,114148.0,145160.0,111367.0
Deanza,2016-2017,157544.0,120337.0,141163.0,108138.0,136902.0,105258.0
Deanza,2017-2018,146065.0,112036.0,131517.0,101139.0,127677.0,98513.0
Deanza,2018-2019,138454.0,107291.0,130012.0,100530.0,127333.0,98753.0
Deanza,2019-2020,131646.0,107980.0,125154.0,102629.0,123615.0,101471.0
Deanza,2020-2021,129479.0,104820.0,123962.0,100517.0,122414.0,99321.0
Deanza,2021-2022,114207.0,91683.0,109810.0,88198.0,108703.0,87369.0
Deanza,2022-2023,113222.0,90922.0,109387.0,87983.0,108700.0,87422.0
Deanza,2023-2024,77136.0,60288.0,75043.0,58701.0,74559.0,58330.0
Desert,2014-2015,57007.0,39861.0,50841.0,36106.0,47037.0,33692.0
Desert,2015-2016,59421.0,41113.0,52811.0,37184.0,49302.0,35099.0
Desert,2016-2017,59801.0,42339.0,53283.0,38488.0,49727.0,36126.0
Desert,2017-2018,63128.0,43912.0,56445.0,40108.0,52546.0,37471.0
Desert,2018-2019,63790.0,44236.0,59145.0,41792.0,54639.0,38827.0
Desert,2019-2020,62920.0,47413.0,61507.0,46555.0,57560.0,43776.0
Desert,2020-2021,59594.0,41620.0,58151.0,40826.0,55192.0,38762.0
Desert,2021-2022,54285.0,36206.0,53308.0,35699.0,49723.0,33332.0
Desert,2022-2023,56412.0,38445.0,55807.0,38082.0,51967.0,35337.0
Desert,2023-2024,59492.0,42227.0,59184.0,41976.0,55060.0,38613.0
Diablo Valley,2014-2015,117396.0,86371.0,112180.0,82742.0,103454.0,76697.0
Diablo Valley,2015-2016,116891.0,86190.0,111795.0,82655.0,103621.0,77001.0
Diablo Valley,2016-2017,114624.0,85685.0,109735.0,82205.0,102397.0,77181.0
Diablo Valley,2017-2018,114220.0,86187.0,109518.0,82842.0,102726.0,78062.0
Diablo Valley,2018-2019,112327.0,85159.0,107961.0,81890.0,101746.0,77318.0
Diablo Valley,2019-2020,101478.0,82851.0,97539.0,79686.0,94831.0,77421.0
Diablo Valley,2020-2021,99830.0,80138.0,96320.0,77371.0,93357.0,74595.0
Diablo Valley,2021-2022,93420.0,71808.0,90741.0,69939.0,87507.0,66809.0
Diablo Valley,2022-2023,89350.0,69064.0,86752.0,67174.0,84168.0,64615.0
Diablo Valley,2023-2024,135126.0,104978.0,132393.0,102823.0,130457.0,100919.0
East LA,2014-2015,170369.0,121938.0,161737.0,116916.0,119457.0,82140.0
East LA,2015-2016,171350.0,121576.0,163322.0,117205.0,122243.0,84125.0
East LA,2016-2017,175661.0,128892.0,168510.0,125013.0,123016.0,86961.0
East LA,2017-2018,157661.0,112627.0,149688.0,108287.0,118440.0,83856.0
East LA,2018-2019,161951.0,117227.0,158112.0,115334.0,122567.0,85251.0
East LA,2019-2020,149533.0,114923.0,148085.0,113939.0,115514.0,84788.0
East LA,2020-2021,135753.0,98088.0,134497.0,97247.0,112227.0,78492.0
East LA,2021-2022,115303.0,81919.0,114476.0,81339.0,94023.0,63636.0
East LA,2022-2023,121639.0,85919.0,120717.0,85355.0,100036.0,66511.0
East LA,2023-2024,141536.0,101219.0,140941.0,100741.0,109758.0,70467.0
El Camino,2014-2015,125167.0,84509.0,118613.0,80547.0,104352.0,72284.0
El Camino,2015-2016,121551.0,83211.0,115187.0,79486.0,101572.0,71798.0
El Camino,2016-2017,127719.0,88716.0,120767.0,84543.0,106475.0,76286.0
El Camino,2017-2018,129964.0,91594.0,123538.0,87794.0,110354.0,80198.0
El Camino,2018-2019,129703.0,92121.0,124786.0,89113.0,115304.0,83819.0
El Camino,2019-2020,119328.0,90542.0,113020.0,86763.0,109942.0,84743.0
El Camino,2020-2021,118233.0,81802.0,111604.0,78355.0,109012.0,76698.0
El Camino,2021-2022,104286.0,71702.0,98224.0,68516.0,96625.0,67593.0
El Camino,2022-2023,112923.0,77877.0,106057.0,74285.0,105107.0,73592.0
El Camino,2023-2024,117709.0,83041.0,111275.0,79481.0,110153.0,78627.0
Evergreen Valley,2014-2015,46642.0,33237.0,36547.0,26268.0,34309.0,24669.0
Evergreen Valley,2015-2016,46213.0,32974.0,36415.0,26433.0,34181.0,24825.0
Evergreen Valley,2016-2017,46681.0,33229.0,37242.0,26948.0,34941.0,25365.0
Evergreen Valley,2017-2018,48550.0,34784.0,38921.0,28245.0,36587.0,26612.0
Evergreen Valley,2018-2019,50226.0,35947.0,41595.0,30131.0,39448.0,28556.0
Evergreen Valley,2019-2020,46849.0,35241.0,40653.0,30895.0,39328.0,29875.0
Evergreen Valley,2020-2021,43999.0,33115.0,40206.0,30283.0,39213.0,29552.0
Evergreen Valley,2021-2022,38663.0,28175.0,35628.0,25915.0,34831.0,25302.0
Evergreen Valley,2022-2023,40718.0,29495.0,38172.0,27685.0,37436.0,27082.0
Evergreen Valley,2023-2024,41826.0,29900.0,38967.0,27882.0,38151.0,27201.0
Feather River,2014-2015,12189.0,9560.0,10790.0,8510.0,8070.0,6303.0
Feather River,2015-2016,11921.0,9387.0,10696.0,8523.0,7691.0,6100.0
Feather River,2016-2017,10372.0,8592.0,9681.0,8113.0,7193.0,5933.0
Feather River,2017-2018,11935.0,9987.0,11293.0,9573.0,8843.0,7423.0
Feather River,2018-2019,12775.0,10791.0,12327.0,10491.0,10284.0,8681.0
Feather River,2019-2020,10541.0,9201.0,10496.0,9157.0,8243.0,7117.0
Feather River,2020-2021,9839.0,8288.0,9795.0,8244.0,8040.0,6672.0
Feather River,2021-2022,9418.0,8010.0,9369.0,7966.0,7331.0,6169.0
Feather River,2022-2023,9637.0,8072.0,9585.0,8023.0,7791.0,6464.0
Feather River,2023-2024,10666.0,8826.0,10493.0,8661.0,8589.0,7023.0
Folsom Lake,2014-2015,38068.0,27576.0,35348.0,25673.0,31175.0,22956.0
Folsom Lake,2015-2016,41557.0,29975.0,38779.0,27963.0,34357.0,25226.0
Folsom Lake,2016-2017,41383.0,30347.0,38606.0,28416.0,34441.0,25691.0
Folsom Lake,2017-2018,40060.0,29819.0,37189.0,27732.0,33320.0,25208.0
Folsom Lake,2018-2019,42556.0,31704.0,39947.0,29887.0,37137.0,28262.0
Folsom Lake,2019-2020,41753.0,33079.0,38908.0,30989.0,37811.0,30261.0
Folsom Lake,2020-2021,43144.0,31531.0,40451.0,29741.0,39257.0,28930.0
Folsom Lake,2021-2022,37997.0,27443.0,35814.0,25934.0,34729.0,25254.0
Folsom Lake,2022-2023,38959.0,29034.0,36809.0,27547.0,36130.0,27004.0
Folsom Lake,2023-2024,45267.0,34328.0,42609.0,32404.0,41816.0,31790.0
Foothill,2014-2015,96717.0,75466.0,91855.0,71684.0,82539.0,63505.0
Foothill,2015-2016,97123.0,76453.0,91791.0,72504.0,81914.0,63488.0
Foothill,2016-2017,97954.0,78094.0,92936.0,74354.0,82398.0,64655.0
Foothill,2017-2018,92473.0,74279.0,88750.0,71552.0,78910.0,62398.0
Foothill,2018-2019,88604.0,70505.0,86300.0,68658.0,76712.0,59638.0
Foothill,2019-2020,80557.0,68439.0,78481.0,66765.0,70393.0,59025.0
Foothill,2020-2021,82343.0,67657.0,81011.0,66631.0,70855.0,56821.0
Foothill,2021-2022,69535.0,56513.0,68355.0,55577.0,59246.0,46807.0
Foothill,2022-2023,70503.0,57972.0,69412.0,57097.0,61498.0,49370.0
Foothill,2023-2024,48356.0,40281.0,47665.0,39695.0,43201.0,35335.0
Fresno City,2014-2015,121230.0,82728.0,107295.0,72293.0,96978.0,65848.0
Fresno City,2015-2016,116195.0,78892.0,104861.0,70765.0,94904.0,64834.0
Fresno City,2016-2017,120359.0,84858.0,106305.0,73857.0,96250.0,67797.0
Fresno City,2017-2018,120744.0,84643.0,109039.0,75674.0,99451.0,70023.0
Fresno City,2018-2019,125452.0,89775.0,114768.0,81370.0,106850.0,76601.0
Fresno City,2019-2020,119363.0,89415.0,109000.0,81511.0,105968.0,79145.0
Fresno City,2020-2021,106614.0,80285.0,95296.0,70865.0,92091.0,68482.0
Fresno City,2021-2022,98310.0,72801.0,88869.0,65179.0,85052.0,62363.0
Fresno City,2022-2023,112430.0,84712.0,101934.0,76081.0,98044.0,73141.0
Fresno City,2023-2024,124106.0,95052.0,113302.0,86224.0,109603.0,83308.0
Fullerton,2014-2015,138197.0,90753.0,125367.0,83356.0,118183.0,78554.0
Fullerton,2015-2016,136887.0,91264.0,124594.0,84303.0,117236.0,79824.0
Fullerton,2016-2017,133746.0,90207.0,122822.0,84082.0,115715.0,79852.0
Fullerton,2017-2018,128038.0,87103.0,119013.0,82025.0,112208.0,78001.0
Fullerton,2018-2019,119464.0,83202.0,115693.0,81015.0,109506.0,77426.0
Fullerton,2019-2020,107517.0,82877.0,106701.0,82213.0,102758.0,79374.0
Fullerton,2020-2021,91952.0,77460.0,91427.0,76982.0,88130.0,74242.0
Fullerton,2021-2022,86804.0,65763.0,86241.0,65300.0,84189.0,63515.0
Fullerton,2022-2023,98306.0,66584.0,97867.0,66215.0,95110.0,64063.0
Fullerton,2023-2024,104589.0,73628.0,103914.0,73090.0,101511.0,71019.0
Gavilan,2014-2015,30453.0,21985.0,24859.0,17896.0,23805.0,17196.0
Gavilan,2015-2016,32845.0,23965.0,26671.0,19396.0,25144.0,18332.0
Gavilan,2016-2017,30211.0,21377.0,25904.0,18505.0,24380.0,17512.0
Gavilan,2017-2018,28875.0,20996.0,24809.0,18277.0,23623.0,17392.0
Gavilan,2018-2019,28798.0,21139.0,25641.0,18859.0,23687.0,17295.0
Gavilan,2019-2020,27252.0,20042.0,25056.0,18461.0,23482.0,17179.0
Gavilan,2020-2021,22634.0,16859.0,21625.0,16093.0,20518.0,15197.0
Gavilan,2021-2022,21106.0,15294.0,19903.0,14346.0,18756.0,13385.0
Gavilan,2022-2023,22891.0,16906.0,21542.0,15788.0,20336.0,14718.0
Gavilan,2023-2024,28468.0,20757.0,25900.0,18556.0,24509.0,17330.0
Glendale,2014-2015,92552.0,65728.0,83685.0,60350.0,72507.0,52379.0
Glendale,2015-2016,91875.0,64951.0,82850.0,59367.0,72827.0,52323.0
Glendale,2016-2017,89207.0,64870.0,80747.0,59631.0,71288.0,52891.0
Glendale,2017-2018,84951.0,62335.0,76361.0,56545.0,67973.0,50422.0
Glendale,2018-2019,81309.0,60445.0,74786.0,55918.0,67354.0,50412.0
Glendale,2019-2020,74993.0,59499.0,71034.0,56508.0,63986.0,51149.0
Glendale,2020-2021,65990.0,57068.0,63762.0,55060.0,58726.0,50841.0
Glendale,2021-2022,56757.0,49045.0,55081.0,47562.0,51299.0,44409.0
Glendale,2022-2023,59800.0,48652.0,57935.0,47029.0,54817.0,44351.0
Glendale,2023-2024,67813.0,53204.0,64952.0,50956.0,62756.0,49137.0
Golden West,2014-2015,67679.0,45661.0,62496.0,42761.0,59670.0,40957.0
Golden West,2015-2016,65235.0,44643.0,60432.0,42010.0,57461.0,40071.0
Golden West,2016-2017,61848.0,43636.0,57687.0,41139.0,54846.0,39238.0
Golden West,2017-2018,60332.0,42946.0,56867.0,40848.0,53993.0,38772.0
Golden West,2018-2019,59574.0,42548.0,56887.0,40881.0,54195.0,39002.0
Golden West,2019-2020,57054.0,43594.0,55377.0,42413.0,54076.0,41342.0
Golden West,2020-2021,55419.0,41578.0,54648.0,40994.0,53422.0,39986.0
Golden West,2021-2022,47623.0,35104.0,47175.0,34762.0,46331.0,34059.0
Golden West,2022-2023,48441.0,36348.0,48002.0,36017.0,46973.0,35091.0
Golden West,2023-2024,50179.0,38748.0,49993.0,38595.0,49122.0,37795.0
Grossmont,2014-2015,102932.0,71119.0,94579.0,65011.0,88395.0,61128.0
Grossmont,2015-2016,101226.0,70341.0,92713.0,64345.0,86506.0,60501.0
Grossmont,2016-2017,100643.0,69368.0,93155.0,64514.0,87579.0,61058.0
Grossmont,2017-2018,97541.0,69093.0,90302.0,64293.0,85506.0,61370.0
Grossmont,2018-2019,95145.0,67199.0,89952.0,63563.0,86277.0,61576.0
Grossmont,2019-2020,83788.0,62692.0,79745.0,59698.0,78643.0,59109.0
Grossmont,2020-2021,75297.0,53860.0,72310.0,51907.0,71308.0,51323.0
Grossmont,2021-2022,64261.0,44859.0,61985.0,43487.0,61349.0,43135.0
Grossmont,2022-2023,65520.0,45374.0,63400.0,44088.0,63400.0,44088.0
Grossmont,2023-2024,70247.0,50582.0,67231.0,48605.0,67215.0,48589.0
Hartnell,2014-2015,54177.0,39226.0,50515.0,36658.0,43259.0,31461.0
Hartnell,2015-2016,55247.0,41003.0,51534.0,38404.0,42544.0,31818.0
Hartnell,2016-2017,54865.0,41351.0,51471.0,38740.0,42376.0,31939.0
Hartnell,2017-2018,54766.0,42143.0,51667.0,39857.0,38391.0,28560.0
Hartnell,2018-2019,56368.0,42847.0,54154.0,41202.0,41771.0,30646.0
Hartnell,2019-2020,53414.0,42274.0,51466.0,40664.0,42817.0,32853.0
Hartnell,2020-2021,46799.0,32552.0,45423.0,31589.0,41878.0,28943.0
Hartnell,2021-2022,44065.0,32039.0,42962.0,31224.0,38024.0,26929.0
Hartnell,2022-2023,43520.0,32561.0,42769.0,31970.0,39972.0,29498.0
Hartnell,2023-2024,52144.0,39307.0,51499.0,38817.0,46708.0,34372.0
Imperial,2014-2015,49233.0,34333.0,39951.0,28473.0,37334.0,26640.0
Imperial,2015-2016,49706.0,34923.0,40876.0,29417.0,38113.0,27598.0
Imperial,2016-2017,49745.0,36406.0,41389.0,30965.0,38741.0,29177.0
Imperial,2017-2018,54439.0,40998.0,46242.0,35404.0,43515.0,33492.0
Imperial,2018-2019,54743.0,40151.0,47236.0,35140.0,44988.0,33730.0
Imperial,2019-2020,49536.0,39522.0,44549.0,35621.0,42770.0,34295.0
Imperial,2020-2021,47797.0,33310.0,43725.0,30650.0,41856.0,29480.0
Imperial,2021-2022,47279.0,32103.0,44628.0,30385.0,42627.0,29139.0
Imperial,2022-2023,50583.0,35903.0,48074.0,34102.0,46018.0,32783.0
Imperial,2023-2024,52078.0,37585.0,50101.0,36060.0,48759.0,34987.0
Irvine,2014-2015,76000.0,53527.0,67327.0,47586.0,61895.0,43838.0
Irvine,2015-2016,75066.0,53092.0,67257.0,47925.0,62225.0,44511.0
Irvine,2016-2017,77427.0,55462.0,70727.0,50904.0,65578.0,47350.0
Irvine,2017-2018,72604.0,52587.0,66931.0,48755.0,62749.0,45938.0
Irvine,2018-2019,71068.0,52884.0,66554.0,49678.0,63258.0,47313.0
Irvine,2019-2020,66864.0,51649.0,62822.0,48890.0,60645.0,47213.0
Irvine,2020-2021,60672.0,48240.0,57698.0,46064.0,55427.0,44256.0
Irvine,2021-2022,55716.0,43041.0,53066.0,41227.0,50964.0,39505.0
Irvine,2022-2023,57287.0,43129.0,55113.0,41586.0,53015.0,39910.0
Irvine,2023-2024,64872.0,49635.0,62504.0,48044.0,60458.0,46394.0
LA City,2014-2015,95421.0,62634.0,84514.0,55974.0,72279.0,49015.0
LA City,2015-2016,90356.0,60978.0,80389.0,54178.0,68642.0,47358.0
LA City,2016-2017,83295.0,56669.0,74645.0,50509.0,64310.0,44496.0
LA City,2017-2018,69828.0,48132.0,65386.0,45269.0,57162.0,40532.0
LA City,2018-2019,71616.0,48869.0,68577.0,46998.0,61012.0,42556.0
LA City,2019-2020,66155.0,49276.0,64590.0,48186.0,61161.0,45747.0
LA City,2020-2021,68098.0,47809.0,67285.0,47400.0,64003.0,45294.0
LA City,2021-2022,59209.0,39194.0,58001.0,38464.0,55663.0,37078.0
LA City,2022-2023,59778.0,40653.0,58974.0,40196.0,56842.0,38850.0
LA City,2023-2024,62850.0,44418.0,62201.0,44010.0,61232.0,43271.0
LA Harbor,2014-2015,54750.0,36180.0,51800.0,34513.0,47622.0,32117.0
LA Harbor,2015-2016,53676.0,36114.0,50896.0,34588.0,46573.0,32187.0
LA Harbor,2016-2017,49669.0,33617.0,46940.0,32148.0,42525.0,29641.0
LA Harbor,2017-2018,46301.0,31970.0,44108.0,30777.0,40854.0,29056.0
LA Harbor,2018-2019,42182.0,29010.0,40008.0,27790.0,37196.0,26175.0
LA Harbor,2019-2020,40444.0,29635.0,39541.0,29085.0,38126.0,28230.0
LA Harbor,2020-2021,35922.0,25534.0,35701.0,25380.0,34994.0,25029.0
LA Harbor,2021-2022,30995.0,21054.0,30890.0,20979.0,30305.0,20741.0
LA Harbor,2022-2023,33820.0,23662.0,33737.0,23583.0,33237.0,23374.0
LA Harbor,2023-2024,37035.0,26200.0,37023.0,26188.0,36922.0,26128.0
LA ITV,2014-2015,2641.0,1134.0,2641.0,1134.0,2350.0,1000.0
LA ITV,2015-2016,2312.0,1117.0,2312.0,1117.0,1952.0,954.0
LA ITV,2016-2017,2558.0,1289.0,2558.0,1289.0,1615.0,975.0
LA ITV,2017-2018,1401.0,785.0,1401.0,785.0,735.0,541.0
LA ITV,2018-2019,1223.0,653.0,1223.0,653.0,653.0,428.0
LA ITV,2019-2020,0.0,0.0,0.0,0.0,0.0,0.0
LA Mission,2014-2015,46020.0,29678.0,42600.0,27889.0,37673.0,25120.0
LA Mission,2015-2016,47712.0,31529.0,44438.0,29726.0,38902.0,26552.0
LA Mission,2016-2017,46962.0,31419.0,44447.0,29965.0,38348.0,26437.0
LA Mission,2017-2018,44645.0,30009.0,43017.0,29075.0,37121.0,25611.0
LA Mission,2018-2019,43473.0,29513.0,42731.0,29104.0,36913.0,25618.0
LA Mission,2019-2020,41825.0,30549.0,41387.0,30225.0,38841.0,28371.0
LA Mission,2020-2021,38818.0,26915.0,38363.0,26649.0,36331.0,25227.0
LA Mission,2021-2022,35779.0,24554.0,35459.0,24385.0,33958.0,23348.0
LA Mission,2022-2023,39683.0,26843.0,39592.0,26785.0,38222.0,25804.0
LA Mission,2023-2024,42378.0,29226.0,42343.0,29199.0,40901.0,28123.0
LA Pierce,2014-2015,108576.0,74277.0,102976.0,70389.0,92360.0,63557.0
LA Pierce,2015-2016,107484.0,74620.0,102822.0,71470.0,92271.0,64802.0
LA Pierce,2016-2017,104654.0,73084.0,100266.0,70157.0,89974.0,63803.0
LA Pierce,2017-2018,95319.0,67542.0,92109.0,65321.0,83036.0,59954.0
LA Pierce,2018-2019,95851.0,68533.0,93172.0,66636.0,85102.0,61997.0
LA Pierce,2019-2020,88868.0,68118.0,88324.0,67688.0,84736.0,65220.0
LA Pierce,2020-2021,79381.0,59352.0,79240.0,59254.0,75983.0,57068.0
LA Pierce,2021-2022,69692.0,50389.0,69555.0,50282.0,67223.0,48726.0
LA Pierce,2022-2023,76075.0,54075.0,75941.0,53980.0,73460.0,52308.0
LA Pierce,2023-2024,78997.0,56991.0,78570.0,56698.0,76922.0,55483.0
LA Swest,2014-2015,31669.0,18929.0,29620.0,17908.0,26112.0,16126.0
LA Swest,2015-2016,34408.0,20890.0,31873.0,19699.0,28603.0,17906.0
LA Swest,2016-2017,31965.0,19772.0,29373.0,18561.0,26533.0,17060.0
LA Swest,2017-2018,27124.0,17509.0,25572.0,16798.0,23407.0,15635.0
LA Swest,2018-2019,27626.0,18014.0,25745.0,17015.0,23872.0,16031.0
LA Swest,2019-2020,26264.0,18064.0,25867.0,17812.0,25064.0,17369.0
LA Swest,2020-2021,20806.0,14154.0,20701.0,14082.0,20154.0,13717.0
LA Swest,2021-2022,17876.0,12114.0,17711.0,12010.0,17374.0,11799.0
LA Swest,2022-2023,19312.0,12696.0,18975.0,12511.0,18569.0,12270.0
LA Swest,2023-2024,19828.0,12813.0,19526.0,12577.0,19212.0,12420.0
LA Trade,2014-2015,71113.0,48249.0,62836.0,43824.0,47064.0,31997.0
LA Trade,2015-2016,72361.0,50395.0,63605.0,45601.0,48859.0,34048.0
LA Trade,2016-2017,68979.0,48366.0,60911.0,44119.0,47520.0,33767.0
LA Trade,2017-2018,57262.0,41398.0,53975.0,39647.0,42426.0,30319.0
LA Trade,2018-2019,61309.0,44180.0,56267.0,41467.0,39215.0,27867.0
LA Trade,2019-2020,55195.0,41908.0,54363.0,41291.0,36847.0,27369.0
LA Trade,2020-2021,47168.0,33653.0,46847.0,33465.0,32630.0,22584.0
LA Trade,2021-2022,40827.0,28804.0,40599.0,28658.0,27537.0,18501.0
LA Trade,2022-2023,47158.0,33313.0,46960.0,33178.0,31375.0,21260.0
LA Trade,2023-2024,55732.0,39156.0,55615.0,39058.0,38623.0,25812.0
LA Valley,2014-2015,95239.0,65045.0,87414.0,59660.0,77359.0,53982.0
LA Valley,2015-2016,92843.0,63238.0,86233.0,58836.0,76407.0,53021.0
LA Valley,2016-2017,89897.0,62714.0,84176.0,58739.0,75377.0,53582.0
LA Valley,2017-2018,83096.0,58569.0,79553.0,56318.0,71830.0,51822.0
LA Valley,2018-2019,81086.0,57499.0,78136.0,55667.0,70594.0,51078.0
LA Valley,2019-2020,76068.0,58274.0,74399.0,56812.0,70655.0,54053.0
LA Valley,2020-2021,68340.0,51498.0,67291.0,50585.0,64383.0,48376.0
LA Valley,2021-2022,59258.0,43584.0,58528.0,42971.0,56007.0,41029.0
LA Valley,2022-2023,65808.0,47780.0,65390.0,47454.0,63315.0,45949.0
LA Valley,2023-2024,70052.0,50778.0,69651.0,50518.0,68005.0,49209.0
Lake Tahoe,2014-2015,15589.0,12008.0,15042.0,11617.0,11567.0,8747.0
Lake Tahoe,2015-2016,14745.0,11457.0,14009.0,10942.0,11086.0,8599.0
Lake Tahoe,2016-2017,13005.0,10001.0,12580.0,9759.0,10037.0,7774.0
Lake Tahoe,2017-2018,14801.0,11835.0,13996.0,11166.0,11353.0,9026.0
Lake Tahoe,2018-2019,15417.0,12293.0,14413.0,11378.0,12210.0,9692.0
Lake Tahoe,2019-2020,13833.0,10964.0,13526.0,10756.0,11994.0,9431.0
Lake Tahoe,2020-2021,13274.0,10766.0,13058.0,10614.0,11355.0,9077.0
Lake Tahoe,2021-2022,12956.0,10548.0,12490.0,10133.0,10432.0,8167.0
Lake Tahoe,2022-2023,15505.0,13011.0,13378.0,10919.0,11235.0,8931.0
Lake Tahoe,2023-2024,17674.0,14745.0,15729.0,12832.0,13788.0,10989.0
Laney,2014-2015,52321.0,34885.0,47929.0,31962.0,35821.0,23394.0
Laney,2015-2016,53423.0,36499.0,49063.0,33679.0,36679.0,24919.0
Laney,2016-2017,49449.0,33886.0,45236.0,31010.0,34178.0,23262.0
Laney,2017-2018,47808.0,33399.0,44082.0,30719.0,33299.0,22982.0
Laney,2018-2019,44929.0,32458.0,40067.0,28793.0,32601.0,23276.0
Laney,2019-2020,37160.0,29448.0,33830.0,26621.0,27658.0,21644.0
Laney,2020-2021,31828.0,23735.0,29396.0,21820.0,25153.0,18611.0
Laney,2021-2022,28886.0,21055.0,27248.0,19770.0,22629.0,16203.0
Laney,2022-2023,33672.0,23585.0,31895.0,22155.0,26497.0,18035.0
Laney,2023-2024,35635.0,25123.0,33689.0,23697.0,27348.0,18901.0
Las Positas,2014-2015,47093.0,33139.0,43162.0,30678.0,40570.0,29056.0
Las Positas,2015-2016,48210.0,34305.0,44349.0,31895.0,41831.0,30363.0
Las Positas,2016-2017,49744.0,35543.0,46316.0,33464.0,44150.0,32176.0
Las Positas,2017-2018,49196.0,35497.0,46035.0,33549.0,44241.0,32473.0
Las Positas,2018-2019,48493.0,35957.0,45952.0,34400.0,44610.0,33615.0
Las Positas,2019-2020,43087.0,33838.0,41927.0,33042.0,41176.0,32606.0
Las Positas,2020-2021,38189.0,30926.0,37496.0,30444.0,36828.0,29925.0
Las Positas,2021-2022,34958.0,26196.0,34360.0,25858.0,33849.0,25487.0
Las Positas,2022-2023,35566.0,26261.0,34923.0,25817.0,34642.0,25578.0
Las Positas,2023-2024,40573.0,30481.0,39894.0,30000.0,39449.0,29653.0
Lassen,2014-2015,13398.0,9596.0,11679.0,8665.0,7702.0,5310.0
Lassen,2015-2016,13053.0,9700.0,11467.0,8765.0,7726.0,5580.0
Lassen,2016-2017,12630.0,9277.0,11413.0,8596.0,7581.0,5390.0
Lassen,2017-2018,13029.0,9735.0,11685.0,8903.0,7700.0,5511.0
Lassen,2018-2019,12367.0,9204.0,11411.0,8639.0,8399.0,6004.0
Lassen,2019-2020,11292.0,8954.0,10586.0,8445.0,8168.0,6249.0
Lassen,2020-2021,9606.0,7289.0,9234.0,6976.0,7318.0,5279.0
Lassen,2021-2022,8971.0,6969.0,8661.0,6711.0,6888.0,5126.0
Lassen,2022-2023,8681.0,6705.0,8439.0,6468.0,6619.0,4853.0
Lassen,2023-2024,9130.0,7169.0,8908.0,6955.0,7584.0,5761.0
Long Beach,2014-2015,146434.0,93242.0,136912.0,87481.0,112534.0,72798.0
Long Beach,2015-2016,144138.0,92620.0,135172.0,87145.0,110929.0,72424.0
Long Beach,2016-2017,141789.0,92432.0,133614.0,87346.0,109679.0,72710.0
Long Beach,2017-2018,141280.0,92711.0,135126.0,88843.0,111369.0,74572.0
Long Beach,2018-2019,136762.0,91531.0,134719.0,90205.0,113694.0,77242.0
Long Beach,2019-2020,123014.0,91624.0,120046.0,89609.0,105489.0,79465.0
Long Beach,2020-2021,134310.0,89522.0,130653.0,87580.0,116636.0,78078.0
Long Beach,2021-2022,120820.0,76239.0,118192.0,74882.0,106230.0,66855.0
Long Beach,2022-2023,130058.0,83929.0,127189.0,82523.0,116484.0,74543.0
Long Beach,2023-2024,140410.0,93341.0,137726.0,92026.0,125565.0,82627.0
Los Medanos,2014-2015,46344.0,33210.0,43532.0,31497.0,38966.0,28648.0
Los Medanos,2015-2016,46974.0,33369.0,44607.0,31822.0,40111.0,29046.0
Los Medanos,2016-2017,46759.0,34117.0,45417.0,33128.0,41209.0,30447.0
Los Medanos,2017-2018,48710.0,35373.0,46433.0,33786.0,43481.0,31992.0
Los Medanos,2018-2019,50366.0,36859.0,48247.0,35344.0,45444.0,33606.0
Los Medanos,2019-2020,44860.0,34831.0,43177.0,33581.0,40969.0,32090.0
Los Medanos,2020-2021,41541.0,31421.0,40017.0,30400.0,37583.0,28790.0
Los Medanos,2021-2022,40279.0,28930.0,38517.0,27758.0,36255.0,26364.0
Los Medanos,2022-2023,40584.0,29610.0,38880.0,28455.0,37008.0,27277.0
Los Medanos,2023-2024,64013.0,47321.0,61615.0,45636.0,59274.0,44116.0
Madera,2020-2021,16080.0,12624.0,15755.0,12408.0,15278.0,12067.0
Madera,2021-2022,18258.0,13798.0,17935.0,13588.0,17420.0,13206.0
Madera,2022-2023,18507.0,13527.0,18170.0,13312.0,17797.0,13022.0
Madera,2023-2024,20156.0,15014.0,19724.0,14718.0,19316.0,14387.0
Marin,2014-2015,26454.0,19182.0,23463.0,17199.0,22557.0,16763.0
Marin,2015-2016,26149.0,19160.0,23680.0,17619.0,22685.0,17095.0
Marin,2016-2017,26258.0,19918.0,24051.0,18492.0,22415.0,17370.0
Marin,2017-2018,24947.0,19033.0,23196.0,18007.0,21139.0,16573.0
Marin,2018-2019,24786.0,18770.0,23452.0,17951.0,21453.0,16586.0
Marin,2019-2020,22692.0,17887.0,22164.0,17501.0,20157.0,16028.0
Marin,2020-2021,23424.0,17856.0,23104.0,17642.0,21123.0,16262.0
Marin,2021-2022,21930.0,16146.0,21567.0,15885.0,19585.0,14523.0
Marin,2022-2023,22558.0,16844.0,22364.0,16728.0,21209.0,15994.0
Marin,2023-2024,23656.0,18271.0,23459.0,18128.0,22819.0,17715.0
Mendocino,2014-2015,20310.0,15061.0,18547.0,13933.0,15520.0,11802.0
Mendocino,2015-2016,21164.0,15404.0,19577.0,14409.0,16534.0,12384.0
Mendocino,2016-2017,20044.0,14784.0,19030.0,14156.0,16307.0,12309.0
Mendocino,2017-2018,18691.0,13905.0,17819.0,13365.0,15241.0,11562.0
Mendocino,2018-2019,18805.0,13819.0,18178.0,13443.0,15971.0,11966.0
Mendocino,2019-2020,17118.0,13947.0,16800.0,13727.0,15402.0,12662.0
Mendocino,2020-2021,14630.0,10807.0,14460.0,10688.0,13511.0,10047.0
Mendocino,2021-2022,14825.0,10867.0,14702.0,10791.0,13677.0,10087.0
Mendocino,2022-2023,15708.0,11359.0,15411.0,11194.0,14448.0,10501.0
Mendocino,2023-2024,27939.0,21086.0,27547.0,20857.0,26021.0,19681.0
Merced,2014-2015,61788.0,42112.0,53434.0,37346.0,47083.0,32760.0
Merced,2015-2016,61766.0,43496.0,53529.0,38636.0,47158.0,33815.0
Merced,2016-2017,61899.0,43082.0,54835.0,39032.0,47964.0,33762.0
Merced,2017-2018,64242.0,44919.0,58998.0,42075.0,51388.0,36155.0
Merced,2018-2019,64108.0,45867.0,61089.0,44251.0,53999.0,38790.0
Merced,2019-2020,62886.0,44278.0,60232.0,42698.0,55172.0,39100.0
Merced,2020-2021,57516.0,40286.0,54695.0,38728.0,50598.0,35558.0
Merced,2021-2022,53604.0,37721.0,51156.0,36388.0,46505.0,32621.0
Merced,2022-2023,60849.0,42880.0,58653.0,41602.0,53859.0,37457.0
Merced,2023-2024,67157.0,47628.0,65248.0,46499.0,60916.0,42875.0
Merritt,2014-2015,26565.0,17183.0,24370.0,15979.0,22103.0,14489.0
Merritt,2015-2016,26416.0,17520.0,24295.0,16403.0,21729.0,14784.0
Merritt,2016-2017,27745.0,18370.0,25906.0,17373.0,23106.0,15448.0
Merritt,2017-2018,27134.0,18202.0,25526.0,17338.0,22929.0,15643.0
Merritt,2018-2019,27196.0,18753.0,26173.0,18148.0,23944.0,16690.0
Merritt,2019-2020,22311.0,17187.0,21995.0,16927.0,20086.0,15523.0
Merritt,2020-2021,21269.0,15114.0,21088.0,14964.0,19272.0,13691.0
Merritt,2021-2022,19796.0,13681.0,19648.0,13535.0,18181.0,12555.0
Merritt,2022-2023,20184.0,14007.0,19995.0,13847.0,18374.0,12781.0
Merritt,2023-2024,22508.0,15735.0,22331.0,15578.0,20312.0,14183.0
MiraCosta,2014-2015,79715.0,55890.0,75118.0,52973.0,71666.0,50933.0
MiraCosta,2015-2016,81269.0,57146.0,77161.0,54548.0,73641.0,52455.0
MiraCosta,2016-2017,78913.0,56839.0,75762.0,54874.0,72167.0,52612.0
MiraCosta,2017-2018,78562.0,56665.0,76341.0,55240.0,73139.0,53149.0
MiraCosta,2018-2019,74922.0,54421.0,72770.0,52969.0,69987.0,51045.0
MiraCosta,2019-2020,67505.0,52186.0,66615.0,51596.0,64589.0,50106.0
MiraCosta,2020-2021,56853.0,49107.0,56558.0,48867.0,55226.0,47672.0
MiraCosta,2021-2022,58158.0,41221.0,57803.0,40999.0,56618.0,40086.0
MiraCosta,2022-2023,57588.0,41289.0,57497.0,41218.0,56678.0,40552.0
MiraCosta,2023-2024,63510.0,46149.0,63462.0,46118.0,62529.0,45373.0
Mission,2014-2015,41611.0,29543.0,35839.0,25533.0,33417.0,23874.0
Mission,2015-2016,42506.0,30236.0,36666.0,26080.0,34378.0,24637.0
Mission,2016-2017,37422.0,27701.0,32078.0,23780.0,29842.0,22252.0
Mission,2017-2018,35005.0,26725.0,30793.0,23572.0,28823.0,22169.0
Mission,2018-2019,36722.0,28030.0,32822.0,25102.0,30226.0,23097.0
Mission,2019-2020,30756.0,24877.0,28222.0,22811.0,27268.0,22029.0
Mission,2020-2021,31911.0,24296.0,30118.0,22889.0,29212.0,22215.0
Mission,2021-2022,27974.0,20767.0,26539.0,19725.0,25694.0,19076.0
Mission,2022-2023,29274.0,21696.0,28014.0,20734.0,27185.0,20057.0
Mission,2023-2024,32089.0,23534.0,31366.0,22989.0,30262.0,22107.0
Modesto,2014-2015,99207.0,66818.0,94180.0,63631.0,81822.0,55652.0
Modesto,2015-2016,98470.0,66130.0,93578.0,62887.0,80842.0,54714.0
Modesto,2016-2017,96627.0,66099.0,92187.0,63096.0,79957.0,55254.0
Modesto,2017-2018,97073.0,67405.0,91003.0,63505.0,81444.0,57127.0
Modesto,2018-2019,98149.0,67406.0,93501.0,64523.0,84718.0,58826.0
Modesto,2019-2020,87536.0,66457.0,85267.0,64794.0,79627.0,60659.0
Modesto,2020-2021,72727.0,57305.0,71004.0,55962.0,66472.0,52253.0
Modesto,2021-2022,82679.0,53636.0,80557.0,52332.0,74802.0,48344.0
Modesto,2022-2023,86880.0,58476.0,84882.0,57196.0,79140.0,53095.0
Modesto,2023-2024,93786.0,66019.0,91510.0,64451.0,85142.0,59646.0
Monterey,2014-2015,44461.0,31827.0,42496.0,30501.0,34029.0,24084.0
Monterey,2015-2016,43207.0,30769.0,41221.0,29460.0,33603.0,23919.0
Monterey,2016-2017,43038.0,31577.0,40854.0,30170.0,31660.0,22946.0
Monterey,2017-2018,41678.0,30107.0,39917.0,28898.0,32127.0,23173.0
Monterey,2018-2019,40348.0,29047.0,39141.0,28234.0,32229.0,23159.0
Monterey,2019-2020,37056.0,28369.0,36498.0,27935.0,30942.0,23575.0
Monterey,2020-2021,34779.0,26476.0,34485.0,26233.0,28817.0,21593.0
Monterey,2021-2022,31118.0,23328.0,30752.0,23020.0,25668.0,18843.0
Monterey,2022-2023,34654.0,25470.0,34291.0,25184.0,29285.0,21115.0
Monterey,2023-2024,36237.0,27255.0,35805.0,26904.0,30460.0,22403.0
Moorpark,2014-2015,81008.0,60368.0,80169.0,59761.0,72443.0,54447.0
Moorpark,2015-2016,80197.0,60625.0,79539.0,60175.0,72384.0,55457.0
Moorpark,2016-2017,81466.0,61887.0,80861.0,61458.0,69151.0,53150.0
Moorpark,2017-2018,81516.0,62037.0,80885.0,61567.0,68457.0,52727.0
Moorpark,2018-2019,80970.0,62270.0,80471.0,61922.0,67847.0,52610.0
Moorpark,2019-2020,74292.0,60643.0,74016.0,60426.0,61776.0,50452.0
Moorpark,2020-2021,72723.0,58122.0,72498.0,57945.0,57968.0,46145.0
Moorpark,2021-2022,64224.0,50830.0,64066.0,50703.0,50204.0,39449.0
Moorpark,2022-2023,66270.0,52036.0,66137.0,51946.0,49897.0,38720.0
Moorpark,2023-2024,73234.0,57618.0,73092.0,57518.0,53807.0,41700.0
Moreno Valley,2014-2015,41311.0,28754.0,36351.0,25754.0,30325.0,21419.0
Moreno Valley,2015-2016,41447.0,29087.0,36788.0,26210.0,31020.0,21990.0
Moreno Valley,2016-2017,42099.0,29083.0,38368.0,26927.0,32943.0,22954.0
Moreno Valley,2017-2018,45378.0,30399.0,42332.0,28759.0,37565.0,25443.0
Moreno Valley,2018-2019,48342.0,33248.0,45762.0,31802.0,40952.0,28198.0
Moreno Valley,2019-2020,44473.0,32897.0,43247.0,32171.0,39338.0,29126.0
Moreno Valley,2020-2021,40720.0,27759.0,40029.0,27453.0,36256.0,24259.0
Moreno Valley,2021-2022,34904.0,23308.0,34481.0,23079.0,31195.0,20454.0
Moreno Valley,2022-2023,41079.0,27535.0,40566.0,27341.0,36246.0,23769.0
Moreno Valley,2023-2024,47047.0,32610.0,46392.0,32389.0,41695.0,28609.0
Mt San Antonio,2014-2015,182784.0,125900.0,166453.0,116403.0,144944.0,101489.0
Mt San Antonio,2015-2016,181226.0,125811.0,165614.0,116660.0,144949.0,102519.0
Mt San Antonio,2016-2017,180182.0,126656.0,159384.0,113967.0,144599.0,103514.0
Mt San Antonio,2017-2018,180125.0,127480.0,160893.0,115705.0,145381.0,104788.0
Mt San Antonio,2018-2019,178526.0,126708.0,167508.0,120433.0,152557.0,109818.0
Mt San Antonio,2019-2020,159115.0,122550.0,151040.0,117227.0,140767.0,109323.0
Mt San Antonio,2020-2021,137264.0,116665.0,131460.0,112260.0,122231.0,104461.0
Mt San Antonio,2021-2022,151815.0,103823.0,145724.0,100371.0,135560.0,93058.0
Mt San Antonio,2022-2023,160814.0,111941.0,154749.0,108620.0,145437.0,101226.0
Mt San Antonio,2023-2024,176478.0,123871.0,170902.0,120805.0,160876.0,112841.0
Mt. San Jacinto,2014-2015,78762.0,53115.0,75870.0,51121.0,65726.0,45068.0
Mt. San Jacinto,2015-2016,81201.0,54822.0,78119.0,52917.0,67678.0,46768.0
Mt. San Jacinto,2016-2017,82897.0,56628.0,81333.0,55571.0,71330.0,49669.0
Mt. San Jacinto,2017-2018,83015.0,57920.0,81495.0,56909.0,72458.0,51558.0
Mt. San Jacinto,2018-2019,83538.0,57250.0,82618.0,56629.0,75657.0,52842.0
Mt. San Jacinto,2019-2020,76805.0,59627.0,76682.0,59531.0,72501.0,56542.0
Mt. San Jacinto,2020-2021,76129.0,55021.0,76076.0,54976.0,71862.0,52192.0
Mt. San Jacinto,2021-2022,72415.0,49576.0,72371.0,49539.0,69083.0,47540.0
Mt. San Jacinto,2022-2023,84341.0,59543.0,84271.0,59487.0,81165.0,57378.0
Mt. San Jacinto,2023-2024,92938.0,66940.0,92853.0,66863.0,89553.0,64576.0
Napa,2014-2015,35214.0,25565.0,31540.0,23155.0,29873.0,22120.0
Napa,2015-2016,33327.0,24686.0,29950.0,22511.0,28564.0,21624.0
Napa,2016-2017,32617.0,23954.0,29633.0,21976.0,28158.0,21004.0
Napa,2017-2018,31966.0,23937.0,29261.0,22067.0,27968.0,21265.0
Napa,2018-2019,28734.0,21775.0,26712.0,20385.0,25553.0,19646.0
Napa,2019-2020,27030.0,20788.0,26186.0,20265.0,25092.0,19524.0
Napa,2020-2021,25583.0,18344.0,24841.0,17965.0,23826.0,17340.0
Napa,2021-2022,20995.0,14807.0,20435.0,14545.0,19766.0,14148.0
Napa,2022-2023,20916.0,14897.0,20519.0,14694.0,19860.0,14343.0
Napa,2023-2024,20329.0,15417.0,20107.0,15283.0,19597.0,14975.0
Norco College,2014-2015,44876.0,30968.0,40467.0,28075.0,36671.0,25729.0
Norco College,2015-2016,46261.0,32717.0,41956.0,29961.0,37891.0,27485.0
Norco College,2016-2017,47561.0,33041.0,43687.0,30578.0,39481.0,28117.0
Norco College,2017-2018,48881.0,34196.0,46349.0,32735.0,42472.0,30401.0
Norco College,2018-2019,50421.0,35859.0,47897.0,34168.0,45059.0,32312.0
Norco College,2019-2020,49355.0,38421.0,47243.0,36758.0,45357.0,35298.0
Norco College,2020-2021,46465.0,32654.0,44826.0,31618.0,43600.0,30769.0
Norco College,2021-2022,38835.0,27322.0,37711.0,26608.0,36671.0,25808.0
Norco College,2022-2023,44347.0,31285.0,42750.0,30165.0,41907.0,29564.0
Norco College,2023-2024,50163.0,36125.0,48400.0,34918.0,47570.0,34164.0
Ohlone,2014-2015,51756.0,38135.0,45219.0,33631.0,40328.0,29600.0
Ohlone,2015-2016,52519.0,39505.0,45962.0,34802.0,42248.0,31950.0
Ohlone,2016-2017,51376.0,39211.0,45404.0,34993.0,42566.0,32954.0
Ohlone,2017-2018,47914.0,36033.0,43281.0,32868.0,41054.0,31424.0
Ohlone,2018-2019,46304.0,35215.0,43094.0,33094.0,41360.0,31990.0
Ohlone,2019-2020,46785.0,38004.0,42890.0,34539.0,41909.0,33832.0
Ohlone,2020-2021,49020.0,40137.0,43513.0,35075.0,42651.0,34423.0
Ohlone,2021-2022,41688.0,33308.0,36855.0,28802.0,35914.0,28040.0
Ohlone,2022-2023,38922.0,29513.0,38063.0,28862.0,37205.0,28173.0
Ohlone,2023-2024,40767.0,30885.0,39924.0,30272.0,38483.0,29208.0
Orange Coast,2014-2015,132427.0,95195.0,126145.0,91725.0,120765.0,88338.0
Orange Coast,2015-2016,131850.0,95206.0,125699.0,91692.0,120192.0,88321.0
Orange Coast,2016-2017,129347.0,94451.0,121621.0,89609.0,117894.0,87519.0
Orange Coast,2017-2018,128248.0,94103.0,120941.0,89656.0,117076.0,87549.0
Orange Coast,2018-2019,119901.0,88310.0,114686.0,85188.0,111476.0,83457.0
Orange Coast,2019-2020,107808.0,84685.0,104247.0,82261.0,103043.0,81412.0
Orange Coast,2020-2021,102874.0,77367.0,99889.0,75379.0,99006.0,74787.0
Orange Coast,2021-2022,94050.0,70150.0,91898.0,68734.0,91024.0,68133.0
Orange Coast,2022-2023,98083.0,73730.0,96192.0,72478.0,95411.0,71922.0
Orange Coast,2023-2024,100268.0,75147.0,97901.0,73479.0,97798.0,73413.0
Oxnard,2014-2015,34960.0,25078.0,32124.0,23677.0,27420.0,20270.0
Oxnard,2015-2016,34437.0,24676.0,31862.0,23388.0,27336.0,20157.0
Oxnard,2016-2017,34201.0,24552.0,31799.0,23369.0,27144.0,19915.0
Oxnard,2017-2018,35296.0,25418.0,33409.0,24311.0,28691.0,21044.0
Oxnard,2018-2019,36392.0,26410.0,34719.0,25430.0,30387.0,22392.0
Oxnard,2019-2020,34181.0,26759.0,32900.0,25826.0,30164.0,23622.0
Oxnard,2020-2021,31394.0,23422.0,30711.0,22914.0,28232.0,21037.0
Oxnard,2021-2022,26744.0,20377.0,26183.0,19942.0,22686.0,17105.0
Oxnard,2022-2023,28734.0,21721.0,27773.0,21090.0,23739.0,17773.0
Oxnard,2023-2024,32167.0,23759.0,31201.0,23154.0,26581.0,19426.0
Palo Verde,2014-2015,14636.0,10176.0,12967.0,9368.0,8079.0,4846.0
Palo Verde,2015-2016,16761.0,12488.0,15200.0,11724.0,13250.0,9884.0
Palo Verde,2016-2017,14148.0,10523.0,12783.0,9863.0,11061.0,8262.0
Palo Verde,2017-2018,15110.0,11978.0,13894.0,11360.0,11767.0,9322.0
Palo Verde,2018-2019,15287.0,11905.0,14653.0,11600.0,12088.0,9153.0
Palo Verde,2019-2020,15475.0,11937.0,15321.0,11818.0,13655.0,10236.0
Palo Verde,2020-2021,13921.0,10799.0,13861.0,10763.0,12422.0,9392.0
Palo Verde,2021-2022,15171.0,12237.0,15144.0,12222.0,14819.0,11938.0
Palo Verde,2022-2023,14780.0,11588.0,14738.0,11553.0,14329.0,11214.0
Palo Verde,2023-2024,16116.0,12583.0,16034.0,12503.0,15712.0,12229.0
Palomar,2014-2015,127045.0,89143.0,121812.0,85920.0,105561.0,74271.0
Palomar,2015-2016,121882.0,85917.0,116740.0,82583.0,102605.0,72627.0
Palomar,2016-2017,122414.0,86845.0,117606.0,83860.0,102824.0,72827.0
Palomar,2017-2018,121465.0,85504.0,118042.0,83456.0,104506.0,73865.0
Palomar,2018-2019,121240.0,85019.0,118764.0,83644.0,107050.0,75743.0
Palomar,2019-2020,115144.0,84931.0,112516.0,83310.0,102853.0,75649.0
Palomar,2020-2021,92239.0,75226.0,90375.0,73890.0,82208.0,66657.0
Palomar,2021-2022,91751.0,65680.0,89900.0,64617.0,83090.0,59095.0
Palomar,2022-2023,91982.0,66781.0,90001.0,65692.0,84821.0,60895.0
Palomar,2023-2024,95988.0,70440.0,93977.0,69380.0,89099.0,64878.0
Pasadena,2014-2015,153981.0,106743.0,142092.0,99419.0,123607.0,86588.0
Pasadena,2015-2016,156563.0,109905.0,144119.0,102187.0,123826.0,87591.0
Pasadena,2016-2017,171429.0,123612.0,158596.0,115434.0,135485.0,98653.0
Pasadena,2017-2018,168768.0,121562.0,157986.0,114979.0,136706.0,99341.0
Pasadena,2018-2019,165274.0,119285.0,160596.0,116472.0,141279.0,102434.0
Pasadena,2019-2020,146583.0,117397.0,144662.0,116182.0,130194.0,104349.0
Pasadena,2020-2021,149744.0,107749.0,148214.0,106919.0,134168.0,96229.0
Pasadena,2021-2022,105540.0,75283.0,104510.0,74720.0,93588.0,66185.0
Pasadena,2022-2023,113639.0,81211.0,112857.0,80828.0,101375.0,72010.0
Pasadena,2023-2024,143457.0,104915.0,141971.0,103977.0,129781.0,94504.0
Porterville,2014-2015,21313.0,14803.0,18163.0,12915.0,16216.0,11637.0
Porterville,2015-2016,21880.0,15376.0,18676.0,13447.0,16620.0,12078.0
Porterville,2016-2017,21818.0,15758.0,19444.0,14326.0,17313.0,12764.0
Porterville,2017-2018,21613.0,16077.0,19426.0,14639.0,17290.0,13090.0
Porterville,2018-2019,23555.0,17920.0,21950.0,16906.0,19862.0,15298.0
Porterville,2019-2020,23682.0,18324.0,22856.0,17813.0,21577.0,16787.0
Porterville,2020-2021,19988.0,14503.0,19395.0,14217.0,18375.0,13380.0
Porterville,2021-2022,18423.0,13267.0,17872.0,12987.0,17042.0,12296.0
Porterville,2022-2023,21248.0,15825.0,20679.0,15528.0,19803.0,14836.0
Porterville,2023-2024,23932.0,17069.0,23425.0,16793.0,22610.0,16177.0
Redwoods,2014-2015,25763.0,18146.0,24773.0,17523.0,21190.0,15192.0
Redwoods,2015-2016,25118.0,18391.0,24542.0,18030.0,21368.0,15860.0
Redwoods,2016-2017,25435.0,18387.0,24906.0,18055.0,21992.0,16111.0
Redwoods,2017-2018,23983.0,17447.0,23469.0,17142.0,20588.0,15146.0
Redwoods,2018-2019,24822.0,18454.0,24551.0,18286.0,22514.0,16905.0
Redwoods,2019-2020,24663.0,18300.0,24599.0,18245.0,23430.0,17345.0
Redwoods,2020-2021,19488.0,14072.0,19445.0,14039.0,18698.0,13454.0
Redwoods,2021-2022,18166.0,13732.0,18127.0,13703.0,17514.0,13200.0
Redwoods,2022-2023,20799.0,15902.0,20745.0,15864.0,19761.0,15068.0
Redwoods,2023-2024,22382.0,17029.0,22308.0,16969.0,21409.0,16222.0
Reedley College,2014-2015,77753.0,53208.0,72611.0,50090.0,64613.0,45243.0
Reedley College,2015-2016,48622.0,33402.0,44559.0,30864.0,38895.0,27511.0
Reedley College,2016-2017,50073.0,35971.0,46123.0,33401.0,40307.0,29778.0
Reedley College,2017-2018,51393.0,36843.0,48199.0,34823.0,43308.0,31941.0
Reedley College,2018-2019,55760.0,40973.0,52957.0,39095.0,49963.0,37188.0
Reedley College,2019-2020,55134.0,41626.0,52717.0,40105.0,51612.0,39232.0
Reedley College,2020-2021,31973.0,24430.0,31218.0,24038.0,30412.0,23313.0
Reedley College,2021-2022,28707.0,21352.0,28077.0,20986.0,27349.0,20340.0
Reedley College,2022-2023,33009.0,24814.0,32295.0,24340.0,31498.0,23614.0
Reedley College,2023-2024,35706.0,26956.0,34794.0,26319.0,33852.0,25445.0
Rio Hondo,2014-2015,91351.0,61659.0,81009.0,55313.0,65399.0,44068.0
Rio Hondo,2015-2016,92134.0,63313.0,82883.0,57922.0,65738.0,44695.0
Rio Hondo,2016-2017,92062.0,64823.0,83694.0,59856.0,66051.0,45349.0
Rio Hondo,2017-2018,95723.0,68122.0,88053.0,63678.0,69166.0,47330.0
Rio Hondo,2018-2019,96914.0,67732.0,91847.0,64837.0,71849.0,47961.0
Rio Hondo,2019-2020,84118.0,64022.0,81293.0,62257.0,68008.0,50260.0
Rio Hondo,2020-2021,72039.0,54401.0,69784.0,52972.0,60830.0,44636.0
Rio Hondo,2021-2022,71567.0,47292.0,69493.0,46229.0,60073.0,37588.0
Rio Hondo,2022-2023,78135.0,53639.0,76368.0,52682.0,62990.0,39663.0
Rio Hondo,2023-2024,85913.0,55930.0,84317.0,55173.0,70552.0,41784.0
Riverside,2014-2015,99417.0,65867.0,91526.0,61720.0,80203.0,54443.0
Riverside,2015-2016,101815.0,68344.0,93579.0,63792.0,82304.0,56457.0
Riverside,2016-2017,107073.0,71438.0,98823.0,66868.0,87408.0,59658.0
Riverside,2017-2018,111020.0,73704.0,104273.0,70353.0,92990.0,63246.0
Riverside,2018-2019,113975.0,76640.0,108963.0,74029.0,98902.0,67382.0
Riverside,2019-2020,104719.0,76485.0,100922.0,74046.0,95034.0,69563.0
Riverside,2020-2021,107800.0,72133.0,103853.0,69684.0,99472.0,66495.0
Riverside,2021-2022,94851.0,62686.0,92153.0,60959.0,87629.0,57621.0
Riverside,2022-2023,101959.0,68365.0,98852.0,66340.0,94993.0,63139.0
Riverside,2023-2024,110946.0,75710.0,107349.0,73427.0,102826.0,69540.0
Sacramento City,2014-2015,113823.0,74550.0,104488.0,69057.0,84640.0,56832.0
Sacramento City,2015-2016,109583.0,73137.0,100726.0,67922.0,81785.0,56012.0
Sacramento City,2016-2017,103057.0,69082.0,95134.0,64245.0,77798.0,53445.0
Sacramento City,2017-2018,99965.0,69038.0,92498.0,64359.0,76033.0,53471.0
Sacramento City,2018-2019,100104.0,69804.0,94722.0,66400.0,80042.0,56462.0
Sacramento City,2019-2020,90659.0,68070.0,87516.0,65748.0,76456.0,57624.0
Sacramento City,2020-2021,88831.0,61414.0,86723.0,59954.0,77644.0,53935.0
Sacramento City,2021-2022,80556.0,55389.0,79053.0,54344.0,71068.0,48919.0
Sacramento City,2022-2023,81078.0,56760.0,79721.0,55842.0,73351.0,51148.0
Sacramento City,2023-2024,87270.0,61542.0,85740.0,60448.0,78274.0,55107.0
Saddleback,2014-2015,109415.0,79015.0,103375.0,74626.0,87292.0,63606.0
Saddleback,2015-2016,106339.0,78726.0,98385.0,73528.0,85654.0,64019.0
Saddleback,2016-2017,103878.0,77081.0,96611.0,72532.0,83966.0,63274.0
Saddleback,2017-2018,101600.0,75797.0,95249.0,71694.0,83932.0,63711.0
Saddleback,2018-2019,99122.0,75658.0,95138.0,73248.0,85244.0,65897.0
Saddleback,2019-2020,99292.0,78502.0,97175.0,76998.0,89209.0,70888.0
Saddleback,2020-2021,93944.0,73630.0,92226.0,72415.0,85923.0,67447.0
Saddleback,2021-2022,86668.0,65338.0,85286.0,64505.0,79529.0,60165.0
Saddleback,2022-2023,88137.0,65224.0,87131.0,64684.0,82240.0,61085.0
Saddleback,2023-2024,94387.0,72390.0,93460.0,71873.0,89263.0,68586.0
San Bernardino,2014-2015,69339.0,44960.0,61545.0,40642.0,51304.0,34097.0
San Bernardino,2015-2016,67740.0,45174.0,59914.0,40609.0,50514.0,34445.0
San Bernardino,2016-2017,66096.0,44378.0,58174.0,39695.0,49340.0,34140.0
San Bernardino,2017-2018,69786.0,46693.0,61686.0,41957.0,52033.0,35844.0
San Bernardino,2018-2019,67807.0,46013.0,60501.0,41508.0,50522.0,34939.0
San Bernardino,2019-2020,65173.0,45024.0,62514.0,43388.0,53651.0,37723.0
San Bernardino,2020-2021,58182.0,37695.0,56194.0,36686.0,50153.0,32835.0
San Bernardino,2021-2022,50058.0,31982.0,48547.0,31195.0,42607.0,27194.0
San Bernardino,2022-2023,52315.0,34038.0,50601.0,33056.0,44942.0,28973.0
San Bernardino,2023-2024,62504.0,42651.0,60632.0,41452.0,54256.0,36559.0
San Diego City,2014-2015,75753.0,50742.0,65042.0,44323.0,61458.0,42208.0
San Diego City,2015-2016,76464.0,51835.0,66156.0,45663.0,62124.0,43087.0
San Diego City,2016-2017,75034.0,50921.0,65730.0,45350.0,61514.0,42656.0
San Diego City,2017-2018,70899.0,48635.0,62624.0,43825.0,58830.0,41273.0
San Diego City,2018-2019,65096.0,45572.0,59209.0,42052.0,55256.0,39309.0
San Diego City,2019-2020,58808.0,44158.0,55388.0,41920.0,52314.0,39679.0
San Diego City,2020-2021,55480.0,38848.0,52635.0,37153.0,49905.0,35282.0
San Diego City,2021-2022,51211.0,35063.0,48944.0,33769.0,46473.0,32085.0
San Diego City,2022-2023,48504.0,33983.0,46309.0,32659.0,44445.0,31391.0
San Diego City,2023-2024,190519.0,136236.0,181122.0,130261.0,176478.0,126214.0
San Diego Mesa,2014-2015,118692.0,83431.0,109715.0,77739.0,104106.0,73891.0
San Diego Mesa,2015-2016,115747.0,82116.0,107196.0,76505.0,102222.0,72997.0
San Diego Mesa,2016-2017,116743.0,83297.0,109826.0,79086.0,105614.0,76204.0
San Diego Mesa,2017-2018,115856.0,83634.0,110012.0,79936.0,105613.0,76891.0
San Diego Mesa,2018-2019,108691.0,78325.0,105062.0,75965.0,100794.0,73165.0
San Diego Mesa,2019-2020,95972.0,76069.0,93384.0,74251.0,90819.0,72328.0
San Diego Mesa,2020-2021,94798.0,70859.0,92725.0,69585.0,90136.0,67658.0
San Diego Mesa,2021-2022,83138.0,60280.0,81453.0,59279.0,79340.0,57726.0
San Diego Mesa,2022-2023,87188.0,65338.0,85153.0,64157.0,83726.0,62986.0
San Diego Mesa,2023-2024,328811.0,248120.0,321395.0,243303.0,316913.0,239378.0
San Diego Miramar,2014-2015,52838.0,39742.0,46960.0,35359.0,42303.0,31319.0
San Diego Miramar,2015-2016,56283.0,42866.0,50211.0,38221.0,45227.0,33825.0
San Diego Miramar,2016-2017,62206.0,47526.0,56236.0,42927.0,50657.0,37936.0
San Diego Miramar,2017-2018,68062.0,52746.0,62215.0,48173.0,57111.0,43633.0
San Diego Miramar,2018-2019,65621.0,51154.0,60978.0,47500.0,55924.0,43000.0
San Diego Miramar,2019-2020,57101.0,46964.0,54450.0,44795.0,51227.0,41979.0
San Diego Miramar,2020-2021,54488.0,42225.0,52673.0,40854.0,49641.0,38206.0
San Diego Miramar,2021-2022,51529.0,40255.0,47614.0,36624.0,43338.0,32418.0
San Diego Miramar,2022-2023,50525.0,39980.0,46850.0,36539.0,44917.0,34679.0
San Diego Miramar,2023-2024,194719.0,155110.0,180460.0,141896.0,173416.0,134883.0
San Francisco,2014-2015,124784.0,88088.0,117377.0,83552.0,111152.0,79869.0
San Francisco,2015-2016,119698.0,86819.0,112941.0,82529.0,107000.0,78829.0
San Francisco,2016-2017,105557.0,78525.0,100600.0,75289.0,95031.0,71719.0
San Francisco,2017-2018,129444.0,94440.0,125648.0,92008.0,119247.0,88252.0
San Francisco,2018-2019,130392.0,94728.0,127969.0,93230.0,123487.0,90810.0
San Francisco,2019-2020,107261.0,81255.0,105418.0,79937.0,102177.0,78050.0
San Francisco,2020-2021,86726.0,74666.0,85174.0,73349.0,82929.0,71627.0
San Francisco,2021-2022,81939.0,63010.0,80831.0,62194.0,79376.0,61175.0
San Francisco,2022-2023,83225.0,58394.0,81910.0,57546.0,81910.0,57546.0
San Francisco,2023-2024,88447.0,64874.0,87062.0,64027.0,87035.0,64006.0
San Joaquin Delta,2014-2015,111506.0,72780.0,102843.0,67899.0,92585.0,60869.0
San Joaquin Delta,2015-2016,106158.0,70320.0,97698.0,65388.0,88041.0,58890.0
San Joaquin Delta,2016-2017,102457.0,69237.0,94544.0,64463.0,85327.0,58038.0
San Joaquin Delta,2017-2018,99520.0,67765.0,93788.0,64394.0,84706.0,58545.0
San Joaquin Delta,2018-2019,100910.0,68736.0,96119.0,65747.0,87034.0,59983.0
San Joaquin Delta,2019-2020,95456.0,66999.0,92112.0,64588.0,87850.0,61821.0
San Joaquin Delta,2020-2021,85728.0,64641.0,82822.0,62435.0,79373.0,59943.0
San Joaquin Delta,2021-2022,83247.0,57592.0,80743.0,55898.0,77470.0,53638.0
San Joaquin Delta,2022-2023,83991.0,59935.0,82310.0,58651.0,79820.0,56599.0
San Joaquin Delta,2023-2024,98671.0,70625.0,96818.0,69216.0,93218.0,66199.0
San Jose City,2014-2015,41584.0,29639.0,35875.0,25877.0,31775.0,22882.0
San Jose City,2015-2016,38977.0,27531.0,34087.0,24442.0,30472.0,21964.0
San Jose City,2016-2017,37950.0,27663.0,33082.0,24334.0,29378.0,21647.0
San Jose City,2017-2018,40592.0,29744.0,36516.0,26968.0,31920.0,23523.0
San Jose City,2018-2019,40858.0,29521.0,37098.0,26882.0,33239.0,24080.0
San Jose City,2019-2020,38831.0,28696.0,36096.0,26805.0,33774.0,25148.0
San Jose City,2020-2021,37198.0,27093.0,35125.0,25634.0,33037.0,24115.0
San Jose City,2021-2022,31858.0,22984.0,30266.0,21938.0,28479.0,20592.0
San Jose City,2022-2023,33927.0,23428.0,32316.0,22409.0,30416.0,21013.0
San Jose City,2023-2024,38342.0,26543.0,36722.0,25465.0,34622.0,23845.0
San Mateo,2014-2015,45197.0,32013.0,41912.0,30052.0,37848.0,27080.0
San Mateo,2015-2016,45101.0,32427.0,42140.0,30543.0,38538.0,28027.0
San Mateo,2016-2017,45744.0,33143.0,43065.0,31449.0,40323.0,29476.0
San Mateo,2017-2018,45050.0,32966.0,42865.0,31603.0,40182.0,29642.0
San Mateo,2018-2019,43411.0,31526.0,41772.0,30463.0,39051.0,28555.0
San Mateo,2019-2020,38622.0,29079.0,37043.0,28021.0,35452.0,26685.0
San Mateo,2020-2021,32164.0,26813.0,31381.0,26284.0,30042.0,25050.0
San Mateo,2021-2022,31568.0,24670.0,30679.0,24087.0,29240.0,22788.0
San Mateo,2022-2023,35881.0,26270.0,34673.0,25508.0,33502.0,24455.0
San Mateo,2023-2024,41162.0,30462.0,39415.0,29367.0,38374.0,28415.0
Santa Ana,2014-2015,127768.0,95695.0,119320.0,90045.0,85183.0,58686.0
Santa Ana,2015-2016,124010.0,95069.0,118902.0,91734.0,79704.0,55938.0
Santa Ana,2016-2017,119489.0,90302.0,114307.0,87053.0,81632.0,57291.0
Santa Ana,2017-2018,124638.0,92204.0,119627.0,89172.0,83108.0,57792.0
Santa Ana,2018-2019,135541.0,106174.0,132267.0,104309.0,88187.0,63396.0
Santa Ana,2019-2020,117454.0,89412.0,116471.0,88520.0,87881.0,63132.0
Santa Ana,2020-2021,91312.0,70608.0,91136.0,70459.0,69436.0,51197.0
Santa Ana,2021-2022,93454.0,70694.0,93296.0,70553.0,67903.0,47272.0
Santa Ana,2022-2023,99432.0,72742.0,99268.0,72590.0,76444.0,51838.0
Santa Ana,2023-2024,109554.0,82891.0,109463.0,82814.0,84620.0,59578.0
Santa Barbara,2014-2015,114430.0,83508.0,109520.0,80287.0,99673.0,72966.0
Santa Barbara,2015-2016,111132.0,81875.0,106597.0,78923.0,96763.0,71617.0
Santa Barbara,2016-2017,98807.0,74169.0,95065.0,71783.0,89763.0,67435.0
Santa Barbara,2017-2018,95651.0,72146.0,92257.0,70022.0,87511.0,66115.0
Santa Barbara,2018-2019,89098.0,66508.0,87190.0,65243.0,82896.0,62000.0
Santa Barbara,2019-2020,84582.0,64112.0,83509.0,63407.0,81069.0,61365.0
Santa Barbara,2020-2021,73040.0,53445.0,72011.0,52809.0,69853.0,51021.0
Santa Barbara,2021-2022,71391.0,52454.0,70098.0,51703.0,62239.0,45390.0
Santa Barbara,2022-2023,72578.0,53697.0,71554.0,53113.0,31101.0,22273.0
Santa Barbara,2023-2024,72334.0,54270.0,71201.0,53595.0,69994.0,52551.0
Santa Monica,2014-2015,183557.0,125800.0,169584.0,117797.0,158016.0,110893.0
Santa Monica,2015-2016,184223.0,126321.0,170652.0,118665.0,159073.0,111754.0
Santa Monica,2016-2017,181962.0,125951.0,169986.0,119429.0,158166.0,111919.0
Santa Monica,2017-2018,175534.0,122910.0,166926.0,118132.0,154037.0,110280.0
Santa Monica,2018-2019,172736.0,120651.0,169193.0,118629.0,154007.0,109697.0
Santa Monica,2019-2020,157068.0,120087.0,152769.0,117507.0,142418.0,110404.0
Santa Monica,2020-2021,148037.0,112365.0,145407.0,110871.0,135400.0,104000.0
Santa Monica,2021-2022,129752.0,97430.0,128692.0,96665.0,119780.0,90776.0
Santa Monica,2022-2023,141089.0,96693.0,140301.0,96121.0,130709.0,90740.0
Santa Monica,2023-2024,135680.0,102086.0,134953.0,101554.0,126102.0,95697.0
Santa Rosa,2014-2015,121167.0,87326.0,114190.0,82252.0,95947.0,69099.0
Santa Rosa,2015-2016,117549.0,85524.0,111226.0,80958.0,94566.0,68934.0
Santa Rosa,2016-2017,110123.0,80838.0,104349.0,76534.0,89165.0,65477.0
Santa Rosa,2017-2018,108029.0,80003.0,103142.0,76164.0,87892.0,64918.0
Santa Rosa,2018-2019,101834.0,75178.0,97473.0,71765.0,85369.0,63049.0
Santa Rosa,2019-2020,91419.0,68954.0,88458.0,66523.0,78897.0,59540.0
Santa Rosa,2020-2021,84955.0,63360.0,82365.0,61204.0,73441.0,54400.0
Santa Rosa,2021-2022,75052.0,55283.0,72664.0,53315.0,65118.0,47460.0
Santa Rosa,2022-2023,77704.0,57989.0,75347.0,55924.0,67823.0,49924.0
Santa Rosa,2023-2024,84771.0,64182.0,82228.0,61972.0,74449.0,55693.0
Santiago Canyon,2014-2015,54974.0,38140.0,53493.0,37210.0,44810.0,30561.0
Santiago Canyon,2015-2016,53301.0,37561.0,50806.0,36150.0,43857.0,30530.0
Santiago Canyon,2016-2017,53596.0,37938.0,51144.0,36658.0,42470.0,29584.0
Santiago Canyon,2017-2018,61154.0,44689.0,58713.0,43447.0,43465.0,29749.0
Santiago Canyon,2018-2019,55036.0,39283.0,53789.0,38550.0,47326.0,33704.0
Santiago Canyon,2019-2020,53597.0,40065.0,53400.0,39942.0,46996.0,34459.0
Santiago Canyon,2020-2021,47291.0,37140.0,47016.0,36978.0,38316.0,28791.0
Santiago Canyon,2021-2022,45772.0,36005.0,45559.0,35880.0,33055.0,23977.0
Santiago Canyon,2022-2023,46009.0,34238.0,45736.0,34090.0,36315.0,25273.0
Santiago Canyon,2023-2024,44114.0,31907.0,43768.0,31719.0,38180.0,26632.0
Sequoias,2014-2015,65603.0,45178.0,62799.0,43591.0,52251.0,36945.0
Sequoias,2015-2016,69371.0,49336.0,66713.0,47789.0,53760.0,38718.0
Sequoias,2016-2017,70408.0,50539.0,67362.0,48828.0,53890.0,39312.0
Sequoias,2017-2018,72411.0,52248.0,69364.0,50545.0,55663.0,40950.0
Sequoias,2018-2019,73035.0,54256.0,71382.0,53213.0,59336.0,44477.0
Sequoias,2019-2020,73903.0,56773.0,70428.0,54572.0,62979.0,48112.0
Sequoias,2020-2021,59989.0,46814.0,57629.0,45158.0,54210.0,42288.0
Sequoias,2021-2022,64617.0,44744.0,61919.0,43231.0,57973.0,40048.0
Sequoias,2022-2023,70641.0,50617.0,68086.0,49135.0,63437.0,45350.0
Sequoias,2023-2024,75249.0,55412.0,72436.0,53781.0,67169.0,49456.0
Shasta,2014-2015,48578.0,34818.0,47410.0,34113.0,40462.0,29442.0
Shasta,2015-2016,49184.0,36048.0,47858.0,35111.0,41596.0,30720.0
Shasta,2016-2017,50353.0,37313.0,49326.0,36588.0,43361.0,32472.0
Shasta,2017-2018,49570.0,36445.0,48684.0,35814.0,42577.0,31483.0
Shasta,2018-2019,50109.0,36696.0,49474.0,36316.0,43456.0,32108.0
Shasta,2019-2020,45169.0,33080.0,44881.0,32907.0,40296.0,29855.0
Shasta,2020-2021,40771.0,30103.0,40621.0,30002.0,36209.0,26527.0
Shasta,2021-2022,36583.0,27529.0,36435.0,27430.0,32334.0,24153.0
Shasta,2022-2023,39564.0,29438.0,39474.0,29379.0,35414.0,26114.0
Shasta,2023-2024,42131.0,31007.0,42127.0,31004.0,37996.0,27574.0
Sierra,2014-2015,108182.0,78014.0,103735.0,74840.0,92951.0,68394.0
Sierra,2015-2016,106062.0,76948.0,102058.0,74075.0,92662.0,68462.0
Sierra,2016-2017,102427.0,74940.0,99011.0,72470.0,90870.0,67516.0
Sierra,2017-2018,101427.0,74177.0,98992.0,72477.0,91619.0,68023.0
Sierra,2018-2019,102352.0,75662.0,100871.0,74525.0,92889.0,69749.0
Sierra,2019-2020,98183.0,74715.0,96604.0,73555.0,91105.0,69695.0
Sierra,2020-2021,96193.0,69403.0,95521.0,68876.0,91343.0,66030.0
Sierra,2021-2022,83974.0,62349.0,83348.0,61845.0,79952.0,59379.0
Sierra,2022-2023,86430.0,66219.0,85897.0,65771.0,83210.0,63659.0
Sierra,2023-2024,95577.0,74524.0,94725.0,73835.0,91707.0,71393.0
Siskiyous,2014-2015,11929.0,8959.0,9122.0,6602.0,8095.0,5800.0
Siskiyous,2015-2016,11125.0,8645.0,8554.0,6464.0,7766.0,5816.0
Siskiyous,2016-2017,10968.0,8403.0,8879.0,6591.0,8267.0,6102.0
Siskiyous,2017-2018,10267.0,7861.0,8940.0,6722.0,8330.0,6208.0
Siskiyous,2018-2019,9440.0,7207.0,8794.0,6675.0,8397.0,6363.0
Siskiyous,2019-2020,8610.0,6698.0,8014.0,6158.0,7580.0,5795.0
Siskiyous,2020-2021,6850.0,5314.0,6196.0,4696.0,5875.0,4437.0
Siskiyous,2021-2022,6396.0,5064.0,5627.0,4336.0,5271.0,4030.0
Siskiyous,2022-2023,6392.0,4817.0,5887.0,4352.0,5608.0,4143.0
Siskiyous,2023-2024,7357.0,5754.0,6578.0,5022.0,6114.0,4621.0
Skyline,2014-2015,47902.0,33682.0,44504.0,31423.0,41093.0,29113.0
Skyline,2015-2016,46994.0,34128.0,44286.0,32293.0,40970.0,30051.0
Skyline,2016-2017,46567.0,34312.0,44112.0,32707.0,41547.0,30944.0
Skyline,2017-2018,44512.0,33276.0,42503.0,31893.0,40074.0,30183.0
Skyline,2018-2019,41979.0,31579.0,40793.0,30722.0,38409.0,28981.0
Skyline,2019-2020,40511.0,31815.0,39560.0,31183.0,37229.0,29368.0
Skyline,2020-2021,35081.0,29993.0,34635.0,29671.0,32805.0,28049.0
Skyline,2021-2022,31782.0,25296.0,31211.0,24907.0,29737.0,23623.0
Skyline,2022-2023,35030.0,26470.0,34228.0,25935.0,32574.0,24494.0
Skyline,2023-2024,40252.0,30932.0,39225.0,30260.0,37150.0,28381.0
Solano,2014-2015,54524.0,37029.0,48547.0,33576.0,43918.0,30506.0
Solano,2015-2016,52756.0,36518.0,47760.0,33541.0,43306.0,30609.0
Solano,2016-2017,50296.0,35574.0,46451.0,33298.0,42503.0,30651.0
Solano,2017-2018,48850.0,34820.0,45705.0,33095.0,41915.0,30414.0
Solano,2018-2019,46922.0,34110.0,44806.0,32820.0,41026.0,30090.0
Solano,2019-2020,44703.0,34305.0,42843.0,32997.0,40029.0,30828.0
Solano,2020-2021,44524.0,32976.0,43320.0,32144.0,40371.0,29925.0
Solano,2021-2022,41096.0,29474.0,40250.0,28909.0,37223.0,26745.0
Solano,2022-2023,42890.0,31558.0,41775.0,30766.0,39609.0,29174.0
Solano,2023-2024,46104.0,34644.0,44908.0,33801.0,42519.0,31993.0
Southwestern,2014-2015,110993.0,75196.0,99672.0,68116.0,93896.0,64500.0
Southwestern,2015-2016,107689.0,72286.0,97133.0,65890.0,91734.0,62640.0
Southwestern,2016-2017,106028.0,71716.0,95750.0,65598.0,90259.0,62346.0
Southwestern,2017-2018,104709.0,73352.0,96875.0,68579.0,91540.0,65455.0
Southwestern,2018-2019,105752.0,75242.0,100099.0,71638.0,95392.0,68963.0
Southwestern,2019-2020,103949.0,77898.0,98887.0,74487.0,95628.0,72223.0
Southwestern,2020-2021,94270.0,67670.0,90256.0,65156.0,87349.0,63048.0
Southwestern,2021-2022,86082.0,60609.0,83088.0,58893.0,80541.0,57117.0
Southwestern,2022-2023,99235.0,67292.0,95966.0,65286.0,94270.0,64029.0
Southwestern,2023-2024,111744.0,75077.0,107599.0,72730.0,105971.0,71520.0
Taft,2014-2015,26705.0,20842.0,23054.0,17564.0,13922.0,9608.0
Taft,2015-2016,25490.0,20027.0,21994.0,16852.0,13542.0,9616.0
Taft,2016-2017,30603.0,25188.0,23938.0,18811.0,14197.0,10210.0
Taft,2017-2018,32652.0,26958.0,25959.0,20506.0,15382.0,11141.0
Taft,2018-2019,30802.0,24766.0,25280.0,19359.0,16805.0,11798.0
Taft,2019-2020,26967.0,21656.0,22763.0,17501.0,16314.0,11684.0
Taft,2020-2021,19724.0,14500.0,17680.0,12503.0,14105.0,9385.0
Taft,2021-2022,17684.0,13838.0,14934.0,11121.0,11259.0,7697.0
Taft,2022-2023,18245.0,14701.0,15308.0,11786.0,10962.0,7606.0
Taft,2023-2024,19385.0,15689.0,18350.0,14670.0,12556.0,8963.0
Ventura,2014-2015,70300.0,50824.0,67714.0,48999.0,59686.0,43468.0
Ventura,2015-2016,69256.0,50320.0,67011.0,48753.0,58753.0,43014.0
Ventura,2016-2017,68305.0,50725.0,66373.0,49353.0,58523.0,43813.0
Ventura,2017-2018,68540.0,52019.0,66834.0,50708.0,59448.0,45396.0
Ventura,2018-2019,67743.0,50685.0,66587.0,49837.0,60472.0,45448.0
Ventura,2019-2020,61968.0,49405.0,60776.0,48494.0,56900.0,45305.0
Ventura,2020-2021,56744.0,43703.0,55885.0,43098.0,52460.0,40398.0
Ventura,2021-2022,48972.0,37866.0,48374.0,37397.0,45874.0,35342.0
Ventura,2022-2023,50459.0,38414.0,49579.0,37773.0,47234.0,35776.0
Ventura,2023-2024,56234.0,42252.0,55206.0,41491.0,51693.0,38663.0
Victor Valley,2014-2015,67010.0,42438.0,59268.0,38155.0,48389.0,31171.0
Victor Valley,2015-2016,65347.0,42637.0,57849.0,38275.0,47176.0,31229.0
Victor Valley,2016-2017,67101.0,43789.0,58446.0,39081.0,47488.0,31673.0
Victor Valley,2017-2018,65622.0,43431.0,57508.0,38667.0,48988.0,32719.0
Victor Valley,2018-2019,64658.0,43234.0,57736.0,39074.0,49424.0,33392.0
Victor Valley,2019-2020,60979.0,44947.0,60002.0,44162.0,50423.0,37138.0
Victor Valley,2020-2021,55637.0,39475.0,55188.0,39090.0,47807.0,33940.0
Victor Valley,2021-2022,57387.0,38833.0,56970.0,38487.0,49566.0,33463.0
Victor Valley,2022-2023,72285.0,48694.0,71700.0,48237.0,61783.0,41538.0
Victor Valley,2023-2024,84865.0,57006.0,84529.0,56713.0,74022.0,49545.0
West Hills Coalinga,2014-2015,14393.0,10013.0,13859.0,9714.0,11051.0,7556.0
West Hills Coalinga,2015-2016,14811.0,10070.0,14329.0,9763.0,11855.0,8083.0
West Hills Coalinga,2016-2017,16840.0,11360.0,16383.0,11117.0,13661.0,9257.0
West Hills Coalinga,2017-2018,16998.0,12051.0,16507.0,11791.0,13612.0,9651.0
West Hills Coalinga,2018-2019,19930.0,15024.0,19775.0,14923.0,17092.0,12907.0
West Hills Coalinga,2019-2020,16970.0,13299.0,16839.0,13206.0,15132.0,11801.0
West Hills Coalinga,2020-2021,15009.0,11455.0,14962.0,11412.0,13723.0,10414.0
West Hills Coalinga,2021-2022,13149.0,9799.0,13098.0,9758.0,11868.0,8748.0
West Hills Coalinga,2022-2023,12717.0,9522.0,12635.0,9459.0,11577.0,8572.0
West Hills Coalinga,2023-2024,15122.0,11745.0,15042.0,11671.0,13862.0,10691.0
West Hills Lemoore,2014-2015,22232.0,16186.0,21280.0,15623.0,17659.0,13133.0
West Hills Lemoore,2015-2016,21834.0,15592.0,21096.0,15204.0,18107.0,13349.0
West Hills Lemoore,2016-2017,22601.0,16408.0,21824.0,16008.0,18587.0,13879.0
West Hills Lemoore,2017-2018,23981.0,17320.0,23303.0,16939.0,20007.0,14742.0
West Hills Lemoore,2018-2019,23812.0,17170.0,23324.0,16864.0,20514.0,15133.0
West Hills Lemoore,2019-2020,22696.0,17118.0,22169.0,16768.0,20762.0,15797.0
West Hills Lemoore,2020-2021,19475.0,14401.0,19055.0,14150.0,18161.0,13570.0
West Hills Lemoore,2021-2022,17869.0,13005.0,17464.0,12748.0,16634.0,12200.0
West Hills Lemoore,2022-2023,19822.0,15194.0,19318.0,14843.0,18635.0,14330.0
West Hills Lemoore,2023-2024,21463.0,16763.0,20916.0,16375.0,20035.0,15658.0
West LA,2014-2015,53520.0,34047.0,50345.0,32429.0,43233.0,28262.0
West LA,2015-2016,59162.0,38180.0,56258.0,36710.0,49015.0,32301.0
West LA,2016-2017,60621.0,39834.0,57867.0,38456.0,51915.0,34869.0
West LA,2017-2018,56559.0,38115.0,54789.0,37235.0,49796.0,34169.0
West LA,2018-2019,58412.0,39517.0,57436.0,38989.0,52049.0,35511.0
West LA,2019-2020,54384.0,40363.0,54119.0,40172.0,49830.0,36701.0
West LA,2020-2021,47946.0,34407.0,47714.0,34228.0,43246.0,30684.0
West LA,2021-2022,40076.0,28310.0,40076.0,28310.0,36551.0,25541.0
West LA,2022-2023,38125.0,27046.0,38125.0,27046.0,34420.0,23958.0
West LA,2023-2024,40192.0,28842.0,40192.0,28842.0,34571.0,23967.0
West Valley,2014-2015,48798.0,34028.0,46291.0,32225.0,42429.0,29737.0
West Valley,2015-2016,49939.0,35227.0,47350.0,33378.0,43886.0,31072.0
West Valley,2016-2017,45175.0,32442.0,42844.0,30849.0,39891.0,28941.0
West Valley,2017-2018,44041.0,31954.0,41078.0,30020.0,39139.0,28730.0
West Valley,2018-2019,45179.0,33534.0,42572.0,31843.0,40617.0,30526.0
West Valley,2019-2020,40012.0,31713.0,38730.0,30796.0,37683.0,30049.0
West Valley,2020-2021,41448.0,31818.0,40344.0,31016.0,39409.0,30348.0
West Valley,2021-2022,36114.0,27041.0,35273.0,26456.0,34549.0,25963.0
West Valley,2022-2023,36139.0,27329.0,35461.0,26835.0,35195.0,26638.0
West Valley,2023-2024,39581.0,30016.0,38890.0,29520.0,38643.0,29317.0
Woodland,2014-2015,13036.0,9028.0,11693.0,8362.0,10791.0,7802.0
Woodland,2015-2016,14099.0,9923.0,12607.0,9084.0,11598.0,8481.0
Woodland,2016-2017,17360.0,12390.0,15481.0,11370.0,14035.0,10483.0
Woodland,2017-2018,17824.0,13103.0,16091.0,12146.0,14264.0,10894.0
Woodland,2018-2019,16993.0,12460.0,16092.0,12013.0,14228.0,10768.0
Woodland,2019-2020,17006.0,12802.0,16723.0,12610.0,15561.0,11862.0
Woodland,2020-2021,15048.0,11169.0,14863.0,11060.0,14010.0,10422.0
Woodland,2021-2022,13429.0,9780.0,13265.0,9680.0,12465.0,9090.0
Woodland,2022-2023,15031.0,10830.0,14866.0,10724.0,13902.0,10050.0
Woodland,2023-2024,40764.0,30176.0,40563.0,30046.0,36872.0,27343.0
Yuba,2014-2015,39073.0,27236.0,35624.0,25231.0,30199.0,21852.0
Yuba,2015-2016,39087.0,27461.0,35904.0,25487.0,30369.0,22184.0
Yuba,2016-2017,34598.0,24698.0,32055.0,23142.0,27118.0,20014.0
Yuba,2017-2018,32463.0,23652.0,29347.0,21759.0,25798.0,19406.0
Yuba,2018-2019,32024.0,23425.0,29463.0,21838.0,26028.0,19516.0
Yuba,2019-2020,30644.0,22407.0,29453.0,21610.0,27216.0,20023.0
Yuba,2020-2021,24853.0,18712.0,24083.0,18184.0,21725.0,16265.0
Yuba,2021-2022,23677.0,17577.0,23235.0,17247.0,21523.0,15916.0
Yuba,2022-2023,25069.0,18996.0,24447.0,18441.0,22940.0,17189.0
Yuba,2023-2024,66974.0,51397.0,66429.0,50929.0,61949.0,46937.0
