College,Year,Credit Enrollment Count,Credit Retention Count,Credit Success Count,Degree Applicable Enrollment Count,Degree Applicable Retention Count,Degree Applicable Success Count,Transferable Enrollment Count,Transferable Retention Count,Transferable Success Count
Alameda,2020-2021,20348,17120,14745,19475,16318,14013,17623,14747,12646
Alameda,2021-2022,17387,14503,12321,16757,13921,11816,15167,12566,10638
Alameda,2022-2023,19919,16265,13795,19221,15627,13214,17450,14175,11951
Alameda,2023-2024,21139,17625,14954,20329,16888,14265,18602,15440,12970
Allan Hancock,2020-2021,54671,48727,40604,53814,47938,39932,45822,40617,33526
Allan Hancock,2021-2022,46292,39858,32794,45772,39388,32405,38220,32615,26470
Allan Hancock,2022-2023,55078,48731,40454,53747,47702,39773,46383,40753,33343
Allan Hancock,2023-2024,58203,52100,43296,57419,51428,42787,49519,44066,36246
American River,2020-2021,127707,107499,92392,114545,96015,82362,102818,85894,73442
American River,2021-2022,125005,106942,92331,113217,96664,83347,94815,79811,67786
American River,2022-2023,135949,119343,104643,122081,107028,93868,96286,82130,70096
American River,2023-2024,148278,130655,114606,133871,117735,103133,107758,92629,79174
Antelope Valley,2020-2021,70425,62167,52352,70005,61826,52151,63768,56243,47290
Antelope Valley,2021-2022,63654,55857,45865,63373,55612,45708,57724,50606,41405
Antelope Valley,2022-2023,70586,63001,51454,70339,62789,51286,63866,56764,45852
Antelope Valley,2023-2024,78610,70035,56519,78214,69694,56251,71495,63433,50646
Bakersfield,2020-2021,144776,126136,98257,136869,118482,91055,114226,98532,75219
Bakersfield,2021-2022,137936,119986,94133,132221,114493,89154,115530,99925,77356
Bakersfield,2022-2023,156781,137618,109415,151547,132555,104802,142857,124695,98032
Bakersfield,2023-2024,168735,149025,121407,163791,144246,116960,154035,135302,109120
Barstow,2020-2021,15351,13965,11721,15304,13919,11678,2627,2307,1829
Barstow,2021-2022,15652,14169,11692,15572,14090,11626,9878,8910,7265
Barstow,2022-2023,18805,17104,13756,18725,17027,13689,17633,15984,12801
Barstow,2023-2024,20216,17911,14406,20139,17836,14338,18805,16611,13303
Berkeley City,2020-2021,23852,19831,17469,23541,19563,17240,22429,18642,16483
Berkeley City,2021-2022,20256,16698,14112,20081,16545,13975,19261,15856,13419
Berkeley City,2022-2023,22700,18460,15635,22501,18282,15475,21787,17708,14989
Berkeley City,2023-2024,24401,19836,16979,24195,19683,16845,23404,19014,16270
Butte,2020-2021,54947,47625,40235,54881,47572,40185,51666,44668,37589
Butte,2021-2022,55102,49138,40821,54999,49038,40747,51960,46267,38321
Butte,2022-2023,55306,49864,41585,55220,49784,41528,52825,47541,39445
Butte,2023-2024,59584,54215,45135,59466,54107,45046,57107,51916,43009
Cabrillo,2020-2021,59971,52554,44228,58108,51042,43070,52029,45372,37917
Cabrillo,2021-2022,55135,48144,39707,53296,46643,38595,47468,41270,33711
Cabrillo,2022-2023,47710,42294,35185,46547,41263,34361,41326,36363,29838
Cabrillo,2023-2024,50385,45189,37563,49297,44175,36669,43696,38876,31849
Canada,2020-2021,22582,21842,18550,21600,20948,17882,21302,20677,17637
Canada,2021-2022,22240,20347,17169,21317,19544,16565,21006,19274,16305
Canada,2022-2023,24373,21129,17514,23112,20133,16814,23081,20102,16784
Canada,2023-2024,27736,24220,20508,26200,22935,19507,26175,22911,19483
Canyons,2020-2021,104221,95552,85405,102121,93636,83729,88824,80630,70980
Canyons,2021-2022,94147,85169,74927,93140,84294,74196,81773,73188,63325
Canyons,2022-2023,103526,95477,85893,103112,95071,85513,80416,72468,63009
Canyons,2023-2024,106565,97830,87164,106144,97419,86759,85051,76424,65863
Cerritos,2020-2021,127344,104115,85360,124617,102254,83944,112822,91991,74912
Cerritos,2021-2022,113013,93989,76459,111568,92928,75748,100657,83178,66900
Cerritos,2022-2023,114949,96130,77737,114421,95725,77413,109215,91628,74138
Cerritos,2023-2024,124286,102807,84008,123709,102395,83661,120686,99809,81387
Cerro Coso,2020-2021,24979,22475,19161,24339,21850,18555,22944,20647,17553
Cerro Coso,2021-2022,23024,20120,17202,22492,19597,16702,21105,18388,15727
Cerro Coso,2022-2023,24247,21414,18363,23673,20875,17861,22182,19521,16698
Cerro Coso,2023-2024,25214,22160,19227,24345,21305,18375,22413,19574,16773
Chabot Hayward,2020-2021,63639,56777,50051,61315,54632,48189,60088,53595,47280
Chabot Hayward,2021-2022,59279,51074,43198,57362,49307,41661,55806,47914,40368
Chabot Hayward,2022-2023,62763,54312,46042,61327,53016,44899,60832,52593,44546
Chabot Hayward,2023-2024,67741,58686,48459,66764,57762,47631,66484,57534,47460
Chaffey,2020-2021,117726,106362,82040,116418,105246,81373,109540,98902,76066
Chaffey,2021-2022,109066,98110,73765,108714,97798,73565,102033,91703,68568
Chaffey,2022-2023,121339,109870,81376,120925,109496,81131,113101,102311,75419
Chaffey,2023-2024,130481,120040,94390,128777,118516,93411,120870,111098,87128
Citrus,2020-2021,65951,58681,47842,63869,56847,46433,60295,53689,43667
Citrus,2021-2022,57280,51615,42110,55713,50194,41031,51806,46602,37810
Citrus,2022-2023,59821,54073,44400,57906,52350,43038,53915,48675,39682
Citrus,2023-2024,61618,56572,46904,59606,54747,45491,55856,51203,42291
Clovis,2020-2021,40528,37441,31527,40004,37002,31227,39576,36619,30964
Clovis,2021-2022,38415,35483,28795,37933,35105,28552,37492,34728,28286
Clovis,2022-2023,41177,38437,31091,40745,38047,30865,40670,37975,30811
Clovis,2023-2024,45865,43169,35287,45579,42917,35157,45549,42889,35133
Coastline,2020-2021,37557,32669,28738,36810,31995,28128,36196,31531,27727
Coastline,2021-2022,31544,27878,24065,30899,27306,23570,30191,26744,23097
Coastline,2022-2023,35237,30936,26108,34470,30287,25548,34085,29988,25288
Coastline,2023-2024,38653,34052,28733,37921,33425,28199,37738,33256,28039
Columbia,2020-2021,11106,10236,9229,11088,10219,9217,9876,9072,8166
Columbia,2021-2022,12641,10813,9251,12626,10799,9240,10884,9269,7923
Columbia,2022-2023,14171,12328,10680,14146,12306,10660,11945,10242,8769
Columbia,2023-2024,15971,13943,12029,15953,13929,12015,13493,11656,9928
Compton,2020-2021,21105,17690,14829,20965,17586,14748,20454,17255,14489
Compton,2021-2022,19031,15951,13020,18876,15827,12906,18550,15604,12741
Compton,2022-2023,20629,17149,14079,20429,16989,13943,20239,16847,13831
Compton,2023-2024,24461,20345,16547,24323,20235,16441,24286,20201,16416
Contra Costa,2020-2021,30293,27017,22607,29410,26235,21946,27075,24167,20150
Contra Costa,2021-2022,28853,24935,20326,28182,24364,19908,26006,22453,18268
Contra Costa,2022-2023,30523,26562,21795,30053,26142,21446,27758,24202,19865
Contra Costa,2023-2024,47232,41758,34754,46531,41122,34258,43620,38473,31973
Copper Mountain,2020-2021,8510,7530,6297,8392,7445,6239,7817,6929,5782
Copper Mountain,2021-2022,7372,6597,5468,7272,6506,5409,6820,6113,5070
Copper Mountain,2022-2023,7475,6730,5610,7331,6596,5490,7031,6331,5261
Copper Mountain,2023-2024,8378,7535,6389,8210,7384,6253,7859,7072,5987
Cosumnes River,2020-2021,73233,61268,50923,71182,59492,49636,63624,53300,44618
Cosumnes River,2021-2022,66164,55038,45660,64491,53630,44549,58382,48597,40463
Cosumnes River,2022-2023,69686,59530,50002,67811,57987,48814,62589,53426,44904
Cosumnes River,2023-2024,78640,67431,56471,76593,65712,55129,70713,60557,50730
Crafton Hills,2020-2021,33900,30746,25074,33132,30036,24518,29969,27145,21991
Crafton Hills,2021-2022,28739,26022,21032,28061,25396,20515,25932,23497,18987
Crafton Hills,2022-2023,30015,27473,22419,29160,26683,21800,26755,24421,19830
Crafton Hills,2023-2024,32436,29732,24534,31688,29048,23960,28991,26514,21713
Cuesta,2020-2021,53029,45633,39234,52944,45553,39189,49404,42496,36527
Cuesta,2021-2022,49886,43490,37009,49775,43393,36925,46285,40291,34264
Cuesta,2022-2023,51399,45670,38770,51315,45586,38691,47894,42378,35799
Cuesta,2023-2024,53777,48168,40867,53671,48062,40762,50088,44593,37522
Cuyamaca,2020-2021,38925,34983,29796,36606,32933,28171,36062,32427,27705
Cuyamaca,2021-2022,36462,32075,27254,34544,30455,26009,33933,29904,25523
Cuyamaca,2022-2023,39333,34861,29133,37250,33042,27706,36696,32496,27243
Cuyamaca,2023-2024,43026,38713,33208,40587,36546,31423,39583,35569,30511
Cypress,2020-2021,79278,71725,62750,77197,69971,61402,74345,67491,59330
Cypress,2021-2022,73581,64903,55371,72223,63790,54586,69680,61703,52928
Cypress,2022-2023,77705,66798,55592,76151,65706,54843,75061,64753,53992
Cypress,2023-2024,85724,74496,62574,84045,73291,61769,82855,72224,60832
Deanza,2020-2021,103195,94631,83301,98889,90671,79883,97607,89539,78898
Deanza,2021-2022,92425,84651,74275,88978,81438,71471,88124,80699,70829
Deanza,2022-2023,92507,85108,74429,89525,82351,72110,88941,81804,71618
Deanza,2023-2024,37710,34285,29495,36736,33389,28725,36453,33133,28508
Desert,2020-2021,62047,53018,43421,60654,51968,42667,57272,49075,40259
Desert,2021-2022,56589,48455,37884,55628,47705,37394,51795,44472,34859
Desert,2022-2023,58997,51061,40603,58435,50623,40262,54223,46949,37191
Desert,2023-2024,63331,56519,45070,63023,56239,44819,58412,51962,41045
Diablo Valley,2020-2021,115479,106286,93501,111156,102295,90003,106471,97682,85522
Diablo Valley,2021-2022,106182,93985,82314,102714,90988,79720,99198,87540,76320
Diablo Valley,2022-2023,102558,91749,79976,99377,88925,77594,96529,86085,74771
Diablo Valley,2023-2024,149724,134261,117033,146462,131277,114388,144120,128957,112091
East LA,2020-2021,147349,129297,107767,145925,128061,106790,118531,102368,82960
East LA,2021-2022,125631,110788,90976,124818,110061,90410,99577,86079,67904
East LA,2022-2023,130010,114412,92708,129075,113612,92136,106399,91759,71291
East LA,2023-2024,145321,129287,104404,144670,128669,103867,113273,97594,73437
El Camino,2020-2021,121680,100402,83605,114896,95644,80126,112228,93557,78489
El Camino,2021-2022,109511,91371,75277,103351,86808,72006,101480,85374,70922
El Camino,2022-2023,118118,99803,81599,111280,94871,78047,110295,94031,77328
El Camino,2023-2024,123406,104797,86922,117006,100069,83443,115812,98976,82535
Evergreen Valley,2020-2021,49863,43907,37956,45914,40468,34986,44847,39513,34182
Evergreen Valley,2021-2022,44060,38489,32510,40967,35777,30208,40151,35018,29576
Evergreen Valley,2022-2023,48221,42180,35442,45608,39928,33572,44849,39207,32953
Evergreen Valley,2023-2024,48556,42314,35015,45674,39829,32982,44744,38938,32204
Feather River,2020-2021,11827,11227,9912,11727,11127,9812,9874,9338,8158
Feather River,2021-2022,11126,10685,9439,11046,10605,9364,8934,8563,7504
Feather River,2022-2023,11388,10909,9449,11298,10819,9362,9439,9054,7746
Feather River,2023-2024,12419,11803,10295,12176,11562,10069,10221,9683,8389
Folsom Lake,2020-2021,47876,40223,35048,45122,37995,33225,43751,36887,32294
Folsom Lake,2021-2022,42860,35873,31225,40626,34060,29682,39437,33138,28923
Folsom Lake,2022-2023,44886,38554,33840,42692,36723,32318,41952,36081,31725
Folsom Lake,2023-2024,51854,45030,39718,49162,42754,37771,48259,41982,37072
Foothill,2020-2021,67296,61462,55120,66263,60487,54297,58835,53152,47111
Foothill,2021-2022,57755,52922,47264,56774,52006,46482,50263,45570,40188
Foothill,2022-2023,58574,54022,48393,57602,53100,47587,51746,47265,41851
Foothill,2023-2024,22631,20874,18701,22325,20577,18440,20735,18996,16882
Fresno City,2020-2021,120853,110167,91762,107991,98031,80905,104113,94553,77963
Fresno City,2021-2022,115374,106052,87156,100853,92204,74606,96197,87989,71148
Fresno City,2022-2023,130535,121638,100066,115053,106795,86605,110628,102687,83207
Fresno City,2023-2024,145596,136340,113449,129407,120858,99390,125106,116736,95943
Fullerton,2020-2021,103980,102716,86868,103412,102152,86354,99902,98651,83416
Fullerton,2021-2022,98165,89533,74009,97571,88983,73519,95400,86897,71624
Fullerton,2022-2023,110337,93002,75631,109869,92562,75237,106982,90006,72962
Fullerton,2023-2024,117760,100748,83562,117061,100111,83000,114508,97722,80788
Gavilan,2020-2021,25933,23543,19496,24814,22540,18626,23543,21395,17586
Gavilan,2021-2022,24347,21872,17861,22998,20645,16776,21739,19476,15716
Gavilan,2022-2023,26572,24044,19972,24988,22572,18643,23646,21294,17450
Gavilan,2023-2024,33015,29265,24439,30098,26557,21914,28390,24944,20386
Glendale,2020-2021,66881,66137,58204,64705,63978,56237,59700,59036,52052
Glendale,2021-2022,57417,57062,49657,55759,55405,48197,51938,51613,44997
Glendale,2022-2023,61829,57591,50247,59940,55796,48617,56891,52855,45993
Glendale,2023-2024,70214,63020,54825,67339,60447,52568,65151,58457,50776
Golden West,2020-2021,62468,55057,47255,61697,54352,46671,60348,53122,45560
Golden West,2021-2022,54853,48720,41129,54405,48307,40787,53417,47394,39959
Golden West,2022-2023,56179,49960,42861,55740,49572,42530,54593,48481,41496
Golden West,2023-2024,59122,53384,46325,58936,53208,46172,57936,52251,45255
Grossmont,2020-2021,81428,69860,58305,78309,67191,56242,77201,66340,55590
Grossmont,2021-2022,69681,59086,48804,67334,57210,47386,66605,56670,46989
Grossmont,2022-2023,72044,61450,50246,69801,59638,48892,69801,59638,48892
Grossmont,2023-2024,77723,67903,56443,74590,65257,54396,74574,65241,54380
Hartnell,2020-2021,53051,45423,37606,51575,44230,36553,47254,40331,33178
Hartnell,2021-2022,49925,43556,36878,48787,42626,36033,43327,37500,31232
Hartnell,2022-2023,49755,44314,37513,48962,43629,36890,45994,40806,34281
Hartnell,2023-2024,58993,52806,44640,58339,52240,44143,53297,47344,39484
Imperial,2020-2021,47395,41305,32772,43426,37942,30179,41531,36343,29000
Imperial,2021-2022,48017,41534,32530,45299,39274,30761,43192,37496,29438
Imperial,2022-2023,50976,44842,36002,48442,42614,34178,46551,41021,32986
Imperial,2023-2024,52970,47347,37839,50993,45570,36322,49666,44342,35298
Irvine,2020-2021,71397,65913,57106,68158,62962,54748,65533,60519,52651
Irvine,2021-2022,65278,59743,50728,62516,57215,48835,60091,54950,46855
Irvine,2022-2023,68127,61563,51843,65767,59414,50169,63346,57231,48244
Irvine,2023-2024,76914,69812,59419,74356,67530,57682,71994,65368,55763
LA City,2020-2021,71325,60093,50187,70516,59414,49779,67128,56605,47597
LA City,2021-2022,62311,52266,41503,61098,51190,40766,58661,49229,39298
LA City,2022-2023,63281,53801,43450,62484,53089,43000,60334,51320,41634
LA City,2023-2024,66482,58216,47582,65833,57648,47174,64843,56728,46418
LA Harbor,2020-2021,36998,32379,26356,36777,32195,26202,36045,31644,25830
LA Harbor,2021-2022,32732,28540,22469,32627,28454,22394,32024,28016,22146
LA Harbor,2022-2023,36290,32145,25634,36207,32062,25555,35760,31745,25369
LA Harbor,2023-2024,38653,34531,27650,38641,34519,27638,38540,34431,27578
LA Mission,2020-2021,39821,34293,27652,39327,33859,27371,37033,31899,25728
LA Mission,2021-2022,37537,32871,25862,37237,32618,25706,35511,31132,24487
LA Mission,2022-2023,42290,37149,28885,42179,37042,28815,40616,35663,27666
LA Mission,2023-2024,44529,39523,30955,44494,39489,30928,42894,38035,29706
LA Pierce,2020-2021,83161,73201,62056,82906,72983,61864,79676,70246,59695
LA Pierce,2021-2022,73614,64226,53387,73355,63999,53178,70976,61989,51589
LA Pierce,2022-2023,79396,69822,56620,79242,69688,56506,76696,67508,54784
LA Pierce,2023-2024,82844,73893,60379,82352,73451,60022,80657,71942,58750
LA Swest,2020-2021,21796,18806,14839,21660,18681,14751,21067,18215,14365
LA Swest,2021-2022,18786,16342,12742,18621,16206,12638,18219,15875,12382
LA Swest,2022-2023,20056,17411,13132,19719,17117,12947,19319,16814,12713
LA Swest,2023-2024,19988,17218,12865,19658,16904,12604,19330,16617,12441
LA Trade,2020-2021,49238,42251,35253,48903,41980,35038,34348,29062,23892
LA Trade,2021-2022,43118,37072,30583,42905,36900,30451,29409,24998,19986
LA Trade,2022-2023,49954,43165,35571,49752,43002,35429,33828,28888,23183
LA Trade,2023-2024,57713,50504,40730,57567,50380,40614,40299,34716,27081
LA Valley,2020-2021,70264,62045,52909,69211,61046,51992,66259,58387,49740
LA Valley,2021-2022,61991,54817,45727,61254,54136,45107,58683,51825,43126
LA Valley,2022-2023,69098,61233,50260,68677,60850,49931,66450,58863,48309
LA Valley,2023-2024,73242,65396,53607,72775,64982,53288,70993,63375,51870
Lake Tahoe,2020-2021,10978,10326,8871,10799,10156,8730,9176,8565,7250
Lake Tahoe,2021-2022,11240,10533,9184,10961,10260,8952,8883,8224,6996
Lake Tahoe,2022-2023,13946,13251,11743,12391,11707,10216,10070,9445,8048
Lake Tahoe,2023-2024,15278,14535,12723,14045,13312,11513,12143,11425,9718
Laney,2020-2021,36436,30872,27160,33893,28628,25161,29083,24575,21534
Laney,2021-2022,32680,27664,24034,30925,26105,22650,25934,21846,18782
Laney,2022-2023,37464,30879,26527,35448,29059,24875,29682,24157,20448
Laney,2023-2024,39485,33016,28026,37420,31209,26487,30582,25345,21271
Las Positas,2020-2021,43708,39392,35356,42987,38794,34868,42269,38160,34323
Las Positas,2021-2022,40206,35072,30308,39588,34602,29955,39047,34142,29565
Las Positas,2022-2023,41354,35592,30701,40704,35034,30250,40399,34752,29995
Las Positas,2023-2024,46730,40570,35249,46027,39973,34758,45571,39576,34406
Lassen,2020-2021,11540,10026,8804,11022,9558,8364,8703,7364,6293
Lassen,2021-2022,10489,9355,8117,10048,8951,7739,8008,7033,5937
Lassen,2022-2023,10101,9121,7864,9699,8722,7468,7716,6850,5691
Lassen,2023-2024,10645,9628,8407,10258,9245,8029,8734,7779,6643
Long Beach,2020-2021,140381,118177,93350,136675,115230,91374,122081,102902,81524
Long Beach,2021-2022,127588,106305,81137,124917,104186,79760,112463,93715,71384
Long Beach,2022-2023,138848,117088,90388,135938,114883,88952,124581,104869,80477
Long Beach,2023-2024,150808,130262,99974,148038,128235,98631,135334,116775,88835
Los Medanos,2020-2021,46571,42058,35434,45017,40752,34388,42335,38454,32584
Los Medanos,2021-2022,44900,38797,32464,43104,37303,31264,40634,35332,29721
Los Medanos,2022-2023,45640,40200,33623,43889,38741,32432,41799,37039,31097
Los Medanos,2023-2024,69834,61653,51926,67436,59657,50241,64929,57594,48611
Madera,2020-2021,18185,16977,14374,17805,16629,14106,17267,16150,13724
Madera,2021-2022,21543,20173,16471,21220,19886,16261,20681,19375,15862
Madera,2022-2023,22133,20719,16565,21796,20417,16350,21423,20060,16060
Madera,2023-2024,24611,23312,18726,24177,22901,18428,23752,22496,18081
Marin,2020-2021,25348,22107,19412,25028,21818,19198,22819,19931,17610
Marin,2021-2022,23515,20293,17443,23145,19960,17180,21032,18127,15701
Marin,2022-2023,24465,21616,18334,24268,21442,18216,23079,20458,17456
Marin,2023-2024,25869,23350,20098,25640,23144,19924,24996,22588,19507
Mendocino,2020-2021,16671,14550,12464,16485,14385,12334,15371,13445,11566
Mendocino,2021-2022,17053,14779,12613,16924,14672,12531,15645,13573,11629
Mendocino,2022-2023,18241,15854,13288,17908,15594,13091,16762,14595,12266
Mendocino,2023-2024,31281,27778,23666,30857,27467,23415,29138,25887,22090
Merced,2020-2021,66251,56677,46614,63218,54349,44905,58601,50199,41295
Merced,2021-2022,61684,53663,43946,59053,51568,42484,53817,46784,38218
Merced,2022-2023,69791,61262,49702,67480,59410,48335,62374,54585,43905
Merced,2023-2024,76499,67786,54593,74590,66280,53464,69900,61879,49540
Merritt,2020-2021,24072,20201,17253,23796,19952,17030,21794,18334,15642
Merritt,2021-2022,22120,18110,15476,21972,17962,15330,20292,16607,14199
Merritt,2022-2023,23101,19125,16250,22912,18941,16090,21049,17452,14859
Merritt,2023-2024,25146,20612,17685,24969,20441,17528,22802,18670,16029
MiraCosta,2020-2021,64614,63301,55338,64319,63009,55098,62914,61616,53850
MiraCosta,2021-2022,66074,55579,47394,65719,55314,47172,64472,54244,46226
MiraCosta,2022-2023,66774,56853,48382,66683,56769,48311,65840,56015,47625
MiraCosta,2023-2024,73377,63210,54080,73327,63165,54047,72369,62310,53278
Mission,2020-2021,35134,30716,26925,33273,29048,25476,32289,28210,24758
Mission,2021-2022,31057,27267,23227,29580,26010,22162,28636,25161,21433
Mission,2022-2023,32519,28680,24348,31185,27500,23330,30302,26695,22601
Mission,2023-2024,35642,31326,26517,34858,30635,25920,33667,29574,24968
Modesto,2020-2021,90498,80687,69944,88580,78985,68465,83047,73988,64026
Modesto,2021-2022,101527,82492,66733,99245,80645,65335,92340,74973,60502
Modesto,2022-2023,107223,90242,73414,104999,88432,71992,98001,82495,66939
Modesto,2023-2024,114909,98860,81834,112345,96663,80070,104547,89865,74112
Monterey,2020-2021,39162,34541,29980,38860,34260,29732,32643,28585,24624
Monterey,2021-2022,35127,31030,26510,34739,30661,26181,29152,25537,21586
Monterey,2022-2023,39400,34933,29295,39003,34583,28979,33425,29468,24400
Monterey,2023-2024,40861,36940,30944,40392,36511,30562,34534,31053,25609
Moorpark,2020-2021,84491,76127,67860,84257,75910,67674,67225,60405,53712
Moorpark,2021-2022,75225,67798,59935,75051,67634,59794,58306,52243,46020
Moorpark,2022-2023,79507,71660,62887,79369,71540,62792,59133,52883,46095
Moorpark,2023-2024,75826,67007,58782,75672,66879,58675,55427,48433,42233
Moreno Valley,2020-2021,40683,35357,27830,39989,34865,27528,36163,31310,24279
Moreno Valley,2021-2022,35173,30390,23531,34722,30039,23277,31359,27000,20597
Moreno Valley,2022-2023,41392,36458,27650,40875,36133,27448,36706,32101,24116
Moreno Valley,2023-2024,48103,42864,33417,47448,42473,33196,42433,37630,29115
Mt San Antonio,2020-2021,134962,133201,114452,129104,127530,110005,119810,118346,102148
Mt San Antonio,2021-2022,152551,130607,104445,146290,125461,100834,136145,116734,93596
Mt San Antonio,2022-2023,161445,139881,112337,155191,134792,108850,145794,126254,101436
Mt San Antonio,2023-2024,176067,151460,123941,170340,146907,120649,160396,137948,112805
Mt. San Jacinto,2020-2021,83212,73097,60345,83159,73047,60300,78733,69297,57360
Mt. San Jacinto,2021-2022,82927,71323,57727,82878,71278,57687,79472,68487,55612
Mt. San Jacinto,2022-2023,97509,85885,69741,97437,85821,69683,94130,83056,67454
Mt. San Jacinto,2023-2024,106636,94535,77913,106543,94447,77830,103085,91516,75431
Napa,2020-2021,28573,25602,20581,27791,24955,20172,26653,23962,19463
Napa,2021-2022,23196,20383,16479,22609,19936,16207,21861,19309,15743
Napa,2022-2023,23189,20794,16664,22792,20456,16461,22116,19876,16094
Napa,2023-2024,22972,21963,17389,22750,21751,17255,22201,21227,16916
Norco College,2020-2021,45672,39948,32007,43993,38489,30944,42796,37466,30114
Norco College,2021-2022,39873,34807,28083,38597,33720,27288,37629,32862,26539
Norco College,2022-2023,45329,40308,32082,43727,38906,30956,42921,38176,30385
Norco College,2023-2024,51228,45642,37015,49512,44151,35834,48684,43348,35079
Ohlone,2020-2021,60062,54962,50161,50678,45777,41255,49750,44974,40547
Ohlone,2021-2022,50861,46181,41531,42562,38038,33590,41556,37138,32776
Ohlone,2022-2023,48641,43622,38135,44925,40002,34715,43982,39137,33944
Ohlone,2023-2024,46215,41586,35910,42484,37937,32441,40868,36402,31231
Orange Coast,2020-2021,111023,96908,83970,107935,94426,81910,107026,93683,81301
Orange Coast,2021-2022,101153,88300,75938,98946,86529,74492,98031,85806,73866
Orange Coast,2022-2023,105272,92432,79511,103368,90873,78248,102525,90200,77646
Orange Coast,2023-2024,108583,95686,81882,106165,93709,80166,106062,93631,80100
Oxnard,2020-2021,36675,32041,27879,35950,31384,27331,33389,29086,25394
Oxnard,2021-2022,31734,28142,24551,31124,27591,24074,27258,24075,20918
Oxnard,2022-2023,34737,30896,26547,33714,30000,25860,29070,25741,22037
Oxnard,2023-2024,33274,29067,24276,32289,28221,23661,27518,23878,19847
Palo Verde,2020-2021,14703,14006,11473,14643,13955,11437,13204,12525,10066
Palo Verde,2021-2022,17283,16339,14113,17256,16317,14098,16931,16007,13814
Palo Verde,2022-2023,16774,15733,13347,16732,15692,13312,16162,15129,12835
Palo Verde,2023-2024,17692,16600,13929,17610,16519,13849,17191,16110,13490
Palomar,2020-2021,104792,103209,84871,102782,101242,83447,93653,92194,75388
Palomar,2021-2022,103273,94475,74854,101411,92868,73782,93732,85616,67503
Palomar,2022-2023,104196,95643,76456,102215,93954,75367,96545,88356,70098
Palomar,2023-2024,108667,101009,80565,106656,99300,79505,101274,93997,74519
Pasadena,2020-2021,151070,125480,106105,149596,124342,105306,135056,112005,94291
Pasadena,2021-2022,126124,107115,91524,125082,106317,90950,112638,95430,81139
Pasadena,2022-2023,136284,116467,98605,135484,115887,98204,122407,104554,88053
Pasadena,2023-2024,146786,125043,106522,144994,123589,105358,132758,112999,95893
Porterville,2020-2021,21694,19487,15856,21075,18976,15549,20019,17999,14683
Porterville,2021-2022,20424,18067,14781,19873,17609,14501,18962,16775,13748
Porterville,2022-2023,23908,21468,17736,23319,20992,17422,22331,20106,16650
Porterville,2023-2024,26429,23272,19023,25922,22846,18747,25058,22117,18101
Redwoods,2020-2021,20793,18145,15099,20749,18107,15065,19951,17398,14441
Redwoods,2021-2022,19795,17811,14994,19743,17763,14954,19093,17164,14419
Redwoods,2022-2023,22392,20357,17086,22324,20294,17037,21299,19328,16202
Redwoods,2023-2024,24419,22324,18671,24345,22254,18611,23323,21291,17767
Reedley College,2020-2021,36124,33614,27874,35287,32872,27422,34426,32036,26655
Reedley College,2021-2022,33931,31618,25674,33272,31028,25284,32524,30315,24625
Reedley College,2022-2023,39000,36524,29677,38255,35845,29179,37421,35028,28428
Reedley College,2023-2024,44452,42084,34224,43506,41188,33569,42516,40217,32674
Rio Hondo,2020-2021,84453,76009,63366,82045,73968,61865,71325,63611,51871
Rio Hondo,2021-2022,82435,68395,55435,80279,66767,54324,69339,56330,44196
Rio Hondo,2022-2023,88603,74564,60570,86757,73134,59566,71943,58513,45130
Rio Hondo,2023-2024,96618,79357,63162,93437,76629,60853,79081,62493,46889
Riverside,2020-2021,105935,91341,70660,101884,87987,68107,97472,84116,64868
Riverside,2021-2022,94304,81028,62147,91554,78730,60370,86911,74567,56908
Riverside,2022-2023,101797,88887,68206,98705,86283,66194,94635,82442,62797
Riverside,2023-2024,111040,97471,75621,107377,94301,73298,102668,89792,69235
Sacramento City,2020-2021,100394,83022,69818,98169,81208,68269,88223,73047,61642
Sacramento City,2021-2022,91340,75495,63273,89792,74229,62187,81181,67133,56324
Sacramento City,2022-2023,93614,79079,66165,92161,77884,65171,85081,71752,59893
Sacramento City,2023-2024,100505,85338,71687,98910,83971,70538,90633,76865,64519
Saddleback,2020-2021,112472,102500,88575,110633,100895,87289,103135,94135,81345
Saddleback,2021-2022,103865,93353,78860,102381,92130,77958,95822,86297,73042
Saddleback,2022-2023,106856,95749,80400,105702,94811,79758,100155,89884,75648
Saddleback,2023-2024,115645,104503,89959,114584,103608,89342,109731,99289,85549
San Bernardino,2020-2021,67663,58494,44397,65499,56712,43283,58725,50986,38922
San Bernardino,2021-2022,58913,50618,38417,57245,49264,37531,50344,43384,32835
San Bernardino,2022-2023,64278,55793,42835,62437,54293,41771,55517,48120,36661
San Bernardino,2023-2024,71493,62827,49148,69621,61264,47949,62214,54635,42217
San Diego City,2020-2021,61392,53456,43274,58347,50895,41458,55319,48252,39378
San Diego City,2021-2022,57058,49065,39298,54576,47012,37875,51866,44676,36052
San Diego City,2022-2023,60598,53088,42801,58103,51007,41283,55939,49113,39761
San Diego City,2023-2024,195639,174002,139906,186115,165862,133860,181437,161300,129780
San Diego Mesa,2020-2021,105493,93638,79387,103281,91778,78032,100490,89363,75949
San Diego Mesa,2021-2022,94217,82297,68875,92436,80787,67830,90165,78819,66162
San Diego Mesa,2022-2023,110952,99309,84790,108739,97471,83477,107194,96028,82198
San Diego Mesa,2023-2024,339494,305570,256886,331922,299117,251966,327349,294820,247957
San Diego Miramar,2020-2021,60637,54751,47320,58637,52958,45785,54778,49258,42315
San Diego Miramar,2021-2022,57408,51705,45045,52402,46812,40325,47870,42316,35871
San Diego Miramar,2022-2023,64463,59097,51590,58954,53670,46315,56541,51302,43977
San Diego Miramar,2023-2024,202038,186797,161124,187128,172288,147261,179589,164758,139756
San Francisco,2020-2021,94096,93709,81436,92470,92091,80056,90083,89709,78207
San Francisco,2021-2022,89725,81982,69166,88560,80915,68302,86994,79421,67196
San Francisco,2022-2023,91029,77634,64662,89656,76433,63776,89627,76405,63750
San Francisco,2023-2024,96790,84745,71362,95349,83510,70485,95322,83485,70464
San Joaquin Delta,2020-2021,103649,100001,77981,100389,96886,75519,96416,93115,72683
San Joaquin Delta,2021-2022,98960,92217,69656,96307,89768,67859,92664,86439,65344
San Joaquin Delta,2022-2023,102259,95295,73892,100383,93519,72450,97617,90879,70188
San Joaquin Delta,2023-2024,121537,113648,88348,119424,111672,86700,115258,107625,83175
San Jose City,2020-2021,41626,36440,30714,39318,34470,29091,37121,32537,27486
San Jose City,2021-2022,35642,31146,26017,33949,29745,24881,32032,28062,23441
San Jose City,2022-2023,38084,32546,26591,36357,31114,25480,34287,29304,23947
San Jose City,2023-2024,42236,36349,29600,40523,34941,28445,38285,32912,26715
San Mateo,2020-2021,37492,36674,31503,36627,35839,30899,35039,34269,29435
San Mateo,2021-2022,36729,33922,28754,35773,33074,28121,34092,31467,26622
San Mateo,2022-2023,42445,37508,31350,41194,36476,30549,39889,35251,29397
San Mateo,2023-2024,48507,42717,36255,46692,41277,35121,45593,40225,34121
Santa Ana,2020-2021,111582,98350,85969,111395,98177,85809,86500,74505,63643
Santa Ana,2021-2022,100282,87772,76199,100147,87648,76081,72866,61387,50985
Santa Ana,2022-2023,107887,93308,79460,107692,93124,79277,82639,69135,56410
Santa Ana,2023-2024,119579,105486,90475,119488,105406,90398,92713,79377,65439
Santa Barbara,2020-2021,84913,76383,62734,83729,75383,61987,81354,73181,60013
Santa Barbara,2021-2022,82462,74850,61352,81087,73655,60545,71225,64465,52526
Santa Barbara,2022-2023,83036,75554,61930,81937,74610,61285,31101,27851,22273
Santa Barbara,2023-2024,82319,75815,62170,81153,74705,61467,69994,64482,52551
Santa Monica,2020-2021,146918,134723,112834,144321,132595,111363,134417,123625,104429
Santa Monica,2021-2022,130573,118498,97995,129514,117524,97227,120511,109715,91255
Santa Monica,2022-2023,142012,120261,98349,141226,119564,97779,131436,112007,92131
Santa Monica,2023-2024,138576,125763,104375,137808,125068,103817,128614,117134,97651
Santa Rosa,2020-2021,94485,83761,70967,91347,80824,68329,81550,72115,60791
Santa Rosa,2021-2022,84014,74208,62368,81412,71777,60224,73199,64404,53814
Santa Rosa,2022-2023,87546,78083,66019,84873,75553,63653,76793,68134,57156
Santa Rosa,2023-2024,95164,85311,72578,92395,82724,70153,84051,75074,63367
Santiago Canyon,2020-2021,58749,51692,45472,58444,51462,45296,48946,42314,36457
Santiago Canyon,2021-2022,48190,42631,37831,47977,42467,37706,35094,29824,25476
Santiago Canyon,2022-2023,49434,43250,36928,49175,43070,36788,39225,33285,27444
Santiago Canyon,2023-2024,46935,40444,33459,46589,40205,33271,41233,35100,28522
Sequoias,2020-2021,67549,63446,52392,64788,60973,50485,61218,57556,47501
Sequoias,2021-2022,71497,63053,50096,68615,60666,48443,64475,56816,45119
Sequoias,2022-2023,78939,71125,57159,76088,68764,55473,71233,64225,51551
Sequoias,2023-2024,84339,76546,62588,81235,73905,60763,75734,68743,56255
Shasta,2020-2021,44569,39507,33168,44405,39361,33054,39679,35002,29304
Shasta,2021-2022,40650,36795,30796,40468,36632,30672,35936,32444,27031
Shasta,2022-2023,44017,39729,32840,43927,39645,32781,39522,35522,29199
Shasta,2023-2024,47097,42612,35008,47093,42608,35005,42539,38302,31188
Sierra,2020-2021,107637,92559,78529,106931,91923,77968,102418,88230,74874
Sierra,2021-2022,95285,82966,71343,94623,82374,70810,90993,79287,68164
Sierra,2022-2023,98633,87845,76233,98065,87327,75754,95300,84834,73573
Sierra,2023-2024,109359,98439,86041,108444,97603,85290,105232,94675,82679
Siskiyous,2020-2021,7376,6770,5750,6659,6067,5071,6353,5782,4826
Siskiyous,2021-2022,7099,6601,5601,6270,5784,4817,5889,5433,4489
Siskiyous,2022-2023,7054,6451,5352,6495,5910,4833,6198,5645,4611
Siskiyous,2023-2024,8197,7537,6461,7219,6584,5540,6786,6180,5168
Skyline,2020-2021,42179,41483,36210,41622,40937,35796,39568,38916,33968
Skyline,2021-2022,38551,36086,30920,37908,35483,30479,36331,33956,29098
Skyline,2022-2023,43072,38826,33202,42174,38040,32580,40404,36349,31033
Skyline,2023-2024,48370,43619,37657,47266,42669,36916,45072,40550,34930
Solano,2020-2021,51338,45517,38315,49910,44288,37315,46485,41225,34723
Solano,2021-2022,47556,41903,34522,46513,41006,33800,43118,38035,31349
Solano,2022-2023,49828,43982,37126,48552,42894,36204,46093,40705,34382
Solano,2023-2024,53830,47287,40926,52577,46220,40031,49717,43743,37879
Southwestern,2020-2021,105147,90008,76159,100857,86491,73413,97743,83859,71149
Southwestern,2021-2022,96996,82690,68793,93767,80144,66948,90926,77818,64975
Southwestern,2022-2023,113116,96436,76914,109528,93357,74652,107735,91794,73332
Southwestern,2023-2024,127494,107095,85273,122900,103412,82647,121199,101905,81408
Taft,2020-2021,23843,21990,17980,20963,19114,15154,16143,14472,10836
Taft,2021-2022,20596,19197,16197,17415,16028,13053,13094,11785,8999
Taft,2022-2023,22577,21369,18455,18614,17411,14522,13131,11981,9213
Taft,2023-2024,23903,22828,19557,22851,21779,18524,15111,14056,10874
Ventura,2020-2021,65000,57808,50673,64141,57087,50068,60642,53946,47305
Ventura,2021-2022,57311,51343,44865,56713,50806,44396,54092,48401,42238
Ventura,2022-2023,60770,54357,46728,59865,53559,46063,57446,51293,43998
Ventura,2023-2024,58143,50793,42976,57115,49870,42215,53527,46637,39351
Victor Valley,2020-2021,55326,51050,38931,54815,50562,38488,47463,43852,33380
Victor Valley,2021-2022,57585,50366,38960,57172,49979,38620,49802,43526,33574
Victor Valley,2022-2023,75226,64970,50589,74575,64380,50072,64368,55603,43182
Victor Valley,2023-2024,76117,65847,50572,75849,65596,50341,66218,57353,43819
West Hills Coalinga,2020-2021,16889,15342,13002,16836,15292,12953,15384,13913,11772
West Hills Coalinga,2021-2022,15098,13557,11390,15047,13510,11349,13717,12250,10250
West Hills Coalinga,2022-2023,14912,13719,11330,14830,13648,11267,13717,12586,10336
West Hills Coalinga,2023-2024,17726,16580,13937,17646,16503,13863,16336,15247,12763
West Hills Lemoore,2020-2021,21760,19502,16222,21340,19169,15971,20420,18394,15369
West Hills Lemoore,2021-2022,20460,18158,15060,20055,17817,14803,19202,17085,14238
West Hills Lemoore,2022-2023,22913,20773,17728,22409,20319,17377,21669,19662,16815
West Hills Lemoore,2023-2024,25302,23104,19948,24755,22614,19560,23833,21786,18804
West LA,2020-2021,49007,42439,35059,48744,42206,34853,44167,38091,31259
West LA,2021-2022,42849,36987,30467,42849,36987,30467,39054,33546,27471
West LA,2022-2023,41968,36768,30033,41968,36768,30033,38116,33129,26804
West LA,2023-2024,41900,37067,30213,41900,37067,30213,36192,31604,25261
West Valley,2020-2021,43985,38546,33810,42875,37593,32998,41733,36564,32188
West Valley,2021-2022,39019,33610,29381,38172,32886,28794,37325,32163,28198
West Valley,2022-2023,39072,34270,29691,38415,33674,29213,38124,33403,28998
West Valley,2023-2024,43261,38084,33116,42570,37487,32620,42307,37242,32407
Woodland,2020-2021,17266,15318,12940,17081,15167,12831,16216,14373,12184
Woodland,2021-2022,15312,13545,11260,15148,13414,11160,14312,12664,10550
Woodland,2022-2023,17011,14990,12466,16846,14861,12360,15845,13992,11659
Woodland,2023-2024,42906,37875,31946,42705,37724,31816,38984,34331,29095
Yuba,2020-2021,28435,25459,21769,27660,24805,21240,25128,22452,19171
Yuba,2021-2022,27206,24386,20559,26764,24012,20229,24910,22310,18778
Yuba,2022-2023,28854,26280,22310,28169,25637,21694,26574,24148,20359
Yuba,2023-2024,71437,64581,55160,70829,63998,54629,66257,59682,50564
