,,Annual 2020-2021,Annual 2020-2021,Annual 2021-2022,Annual 2021-2022,Annual 2022-2023,Annual 2022-2023,Annual 2023-2024,Annual 2023-2024
College Name,EOPS Status,Student Count,Student Count (%),Student Count,Student Count (%),Student Count,Student Count (%),Student Count,Student Count (%)
Alameda,EOPS and CARE participant,2,0.02%,6,0.07%,12,0.12%,5,0.05%
Alameda,EOPS participant,373,3.66%,268,2.98%,737,7.63%,605,5.76%
Alameda,Not an EOPS/CARE participant,"9,805",96.32%,"8,719",96.95%,"8,913",92.25%,"9,902",94.20%
Allan Hancock,EOPS and CARE participant,73,0.46%,55,0.32%,56,0.32%,58,0.31%
Allan Hancock,EOPS participant,"1,016",6.40%,967,5.63%,"1,001",5.75%,"1,020",5.50%
Allan Hancock,Not an EOPS/CARE participant,"14,781",93.14%,"16,167",94.05%,"16,354",93.93%,"17,480",94.19%
American River,EOPS and CARE participant,59,0.17%,61,0.17%,69,0.18%,63,0.15%
American River,EOPS participant,"1,086",3.08%,996,2.73%,946,2.49%,"1,122",2.61%
American River,Not an EOPS/CARE participant,"34,158",96.76%,"35,419",97.10%,"36,925",97.32%,"41,849",97.25%
Antelope Valley,EOPS and CARE participant,74,0.47%,58,0.41%,55,0.37%,89,0.53%
Antelope Valley,EOPS participant,528,3.39%,442,3.11%,411,2.73%,358,2.15%
Antelope Valley,Not an EOPS/CARE participant,"14,996",96.14%,"13,692",96.48%,"14,564",96.90%,"16,210",97.32%
Bakersfield,EOPS and CARE participant,86,0.25%,73,0.22%,77,0.21%,106,0.26%
Bakersfield,EOPS participant,"1,821",5.21%,"1,783",5.39%,"1,996",5.38%,"2,083",5.06%
Bakersfield,Not an EOPS/CARE participant,"33,056",94.55%,"31,199",94.39%,"35,017",94.41%,"38,970",94.68%
Barstow,EOPS and CARE participant,32,1.02%,40,1.07%,62,1.38%,97,2.06%
Barstow,EOPS participant,326,10.39%,386,10.35%,366,8.16%,367,7.81%
Barstow,Not an EOPS/CARE participant,"2,780",88.59%,"3,305",88.58%,"4,060",90.46%,"4,238",90.13%
Berkeley City,EOPS and CARE participant,10,0.09%,7,0.07%,10,0.09%,6,0.05%
Berkeley City,EOPS participant,166,1.47%,112,1.12%,144,1.36%,121,1.06%
Berkeley City,Not an EOPS/CARE participant,"11,114",98.44%,"9,893",98.81%,"10,411",98.54%,"11,300",98.89%
Butte,EOPS and CARE participant,29,0.25%,18,0.15%,41,0.33%,50,0.38%
Butte,EOPS participant,577,4.90%,464,3.96%,574,4.60%,702,5.35%
Butte,Not an EOPS/CARE participant,"11,173",94.86%,"11,223",95.88%,"11,872",95.07%,"12,358",94.26%
Cabrillo,EOPS and CARE participant,26,0.18%,23,0.19%,36,0.27%,51,0.36%
Cabrillo,EOPS participant,318,2.25%,273,2.22%,374,2.76%,331,2.33%
Cabrillo,Not an EOPS/CARE participant,"13,797",97.57%,"12,000",97.59%,"13,119",96.97%,"13,821",97.31%
Calbright College,Not an EOPS/CARE participant,488,100.00%,15,100.00%,33,100.00%,83,100.00%
Canada,EOPS and CARE participant,5,0.05%,5,0.06%,5,0.06%,10,0.10%
Canada,EOPS participant,248,2.67%,214,2.65%,196,2.31%,237,2.43%
Canada,Not an EOPS/CARE participant,"9,031",97.27%,"7,849",97.29%,"8,295",97.63%,"9,501",97.47%
Canyons,EOPS and CARE participant,13,0.04%,16,0.06%,15,0.05%,22,0.07%
Canyons,EOPS participant,374,1.15%,307,1.06%,300,0.98%,337,1.00%
Canyons,Not an EOPS/CARE participant,"32,130",98.81%,"28,751",98.89%,"30,313",98.97%,"33,199",98.93%
Cerritos,EOPS and CARE participant,53,0.20%,59,0.22%,71,0.23%,79,0.24%
Cerritos,EOPS participant,911,3.35%,830,3.14%,877,2.89%,"1,059",3.18%
Cerritos,Not an EOPS/CARE participant,"26,193",96.45%,"25,555",96.64%,"29,379",96.87%,"32,191",96.59%
Cerro Coso,EOPS and CARE participant,15,0.21%,22,0.32%,22,0.31%,17,0.22%
Cerro Coso,EOPS participant,234,3.24%,197,2.83%,221,3.14%,269,3.50%
Cerro Coso,Not an EOPS/CARE participant,"6,972",96.55%,"6,738",96.85%,"6,802",96.55%,"7,405",96.28%
Chabot Hayward,EOPS and CARE participant,14,0.09%,18,0.12%,18,0.12%,21,0.12%
Chabot Hayward,EOPS participant,441,2.68%,408,2.69%,413,2.67%,426,2.53%
Chabot Hayward,Not an EOPS/CARE participant,"15,973",97.23%,"14,724",97.19%,"15,032",97.21%,"16,375",97.34%
Chaffey,EOPS and CARE participant,40,0.17%,36,0.16%,68,0.26%,86,0.30%
Chaffey,EOPS participant,904,3.79%,922,4.03%,956,3.71%,995,3.42%
Chaffey,Not an EOPS/CARE participant,"22,939",96.05%,"21,929",95.81%,"24,771",96.03%,"28,055",96.29%
Citrus,EOPS and CARE participant,17,0.10%,14,0.10%,26,0.17%,26,0.17%
Citrus,EOPS participant,525,3.01%,428,2.96%,633,4.24%,780,5.13%
Citrus,Not an EOPS/CARE participant,"16,906",96.89%,"14,031",96.95%,"14,280",95.59%,"14,404",94.70%
Clovis,EOPS and CARE participant,46,0.34%,36,0.31%,49,0.40%,62,0.43%
Clovis,EOPS participant,470,3.48%,524,4.55%,565,4.66%,597,4.19%
Clovis,Not an EOPS/CARE participant,"13,005",96.18%,"10,965",95.14%,"11,508",94.93%,"13,600",95.38%
Coastline,EOPS and CARE participant,15,0.10%,16,0.12%,31,0.22%,20,0.13%
Coastline,EOPS participant,394,2.61%,374,2.86%,298,2.15%,310,1.99%
Coastline,Not an EOPS/CARE participant,"14,709",97.29%,"12,698",97.02%,"13,560",97.63%,"15,256",97.88%
Columbia,EOPS and CARE participant,6,0.21%,8,0.26%,16,0.47%,22,0.63%
Columbia,EOPS participant,185,6.48%,134,4.34%,173,5.09%,238,6.82%
Columbia,Not an EOPS/CARE participant,"2,663",93.31%,"2,947",95.40%,"3,209",94.44%,"3,230",92.55%
Compton,EOPS and CARE participant,42,0.65%,46,0.81%,72,1.28%,79,1.16%
Compton,EOPS participant,339,5.28%,290,5.08%,369,6.56%,442,6.49%
Compton,Not an EOPS/CARE participant,"6,045",94.07%,"5,377",94.12%,"5,180",92.15%,"6,293",92.35%
Contra Costa,EOPS and CARE participant,18,0.20%,15,0.18%,22,0.25%,23,0.24%
Contra Costa,EOPS participant,646,7.05%,582,7.17%,584,6.62%,669,7.10%
Contra Costa,Not an EOPS/CARE participant,"8,504",92.76%,"7,523",92.65%,"8,222",93.14%,"8,729",92.65%
Copper Mountain,EOPS and CARE participant,17,0.73%,10,0.49%,13,0.67%,16,0.76%
Copper Mountain,EOPS participant,138,5.90%,141,6.94%,154,7.96%,169,8.02%
Copper Mountain,Not an EOPS/CARE participant,"2,185",93.38%,"1,880",92.57%,"1,768",91.37%,"1,923",91.22%
Cosumnes River,EOPS and CARE participant,19,0.09%,22,0.12%,20,0.11%,37,0.18%
Cosumnes River,EOPS participant,660,3.23%,530,2.88%,575,3.11%,574,2.75%
Cosumnes River,Not an EOPS/CARE participant,"19,738",96.67%,"17,832",97.00%,"17,872",96.78%,"20,291",97.08%
Crafton Hills,EOPS and CARE participant,16,0.20%,15,0.22%,21,0.30%,32,0.37%
Crafton Hills,EOPS participant,373,4.67%,300,4.31%,258,3.64%,326,3.78%
Crafton Hills,Not an EOPS/CARE participant,"7,601",95.13%,"6,649",95.48%,"6,812",96.07%,"8,258",95.84%
Cuesta,EOPS and CARE participant,39,0.29%,29,0.21%,35,0.23%,42,0.26%
Cuesta,EOPS participant,235,1.72%,216,1.53%,201,1.31%,242,1.53%
Cuesta,Not an EOPS/CARE participant,"13,410",98.00%,"13,848",98.26%,"15,069",98.46%,"15,583",98.21%
Cuyamaca,EOPS and CARE participant,16,0.13%,24,0.21%,40,0.34%,34,0.27%
Cuyamaca,EOPS participant,669,5.50%,614,5.39%,705,6.04%,903,7.25%
Cuyamaca,Not an EOPS/CARE participant,"11,470",94.36%,"10,745",94.40%,"10,932",93.62%,"11,511",92.47%
Cypress,EOPS and CARE participant,39,0.20%,39,0.22%,52,0.30%,72,0.39%
Cypress,EOPS participant,993,4.97%,814,4.59%,801,4.65%,780,4.23%
Cypress,Not an EOPS/CARE participant,"18,942",94.83%,"16,862",95.18%,"16,390",95.05%,"17,606",95.38%
Deanza,EOPS and CARE participant,6,0.02%,2,0.01%,7,0.03%,11,0.04%
Deanza,EOPS participant,743,2.72%,596,2.38%,587,2.37%,474,1.83%
Deanza,Not an EOPS/CARE participant,"26,560",97.26%,"24,483",97.62%,"24,138",97.60%,"25,362",98.12%
Desert,EOPS and CARE participant,27,0.21%,18,0.13%,33,0.21%,30,0.19%
Desert,EOPS participant,441,3.36%,432,3.13%,476,3.01%,336,2.13%
Desert,Not an EOPS/CARE participant,"12,668",96.44%,"13,331",96.73%,"15,328",96.79%,"15,428",97.68%
Diablo Valley,EOPS and CARE participant,38,0.14%,32,0.14%,39,0.18%,49,0.21%
Diablo Valley,EOPS participant,691,2.57%,582,2.47%,520,2.34%,548,2.38%
Diablo Valley,Not an EOPS/CARE participant,"26,115",97.28%,"22,917",97.39%,"21,684",97.49%,"22,428",97.41%
East LA,EOPS and CARE participant,44,0.09%,28,0.06%,51,0.10%,55,0.10%
East LA,EOPS participant,"1,354",2.65%,"1,037",2.21%,"1,100",2.23%,"1,280",2.26%
East LA,Not an EOPS/CARE participant,"49,680",97.26%,"45,883",97.73%,"48,138",97.66%,"55,278",97.64%
El Camino,EOPS and CARE participant,95,0.32%,74,0.26%,88,0.29%,125,0.39%
El Camino,EOPS participant,"1,448",4.95%,"1,155",4.06%,"1,164",3.83%,"1,275",3.97%
El Camino,Not an EOPS/CARE participant,"27,702",94.72%,"27,195",95.68%,"29,101",95.88%,"30,724",95.64%
Evergreen Valley,EOPS and CARE participant,16,0.12%,9,0.08%,16,0.14%,24,0.18%
Evergreen Valley,EOPS participant,370,2.83%,271,2.32%,276,2.36%,326,2.43%
Evergreen Valley,Not an EOPS/CARE participant,"12,689",97.05%,"11,392",97.60%,"11,407",97.50%,"13,041",97.39%
Feather River,EOPS and CARE participant,2,0.08%,4,0.17%,7,0.28%,3,0.11%
Feather River,EOPS participant,100,4.00%,96,4.02%,72,2.83%,103,3.88%
Feather River,Not an EOPS/CARE participant,"2,401",95.92%,"2,288",95.81%,"2,466",96.90%,"2,551",96.01%
Folsom Lake,EOPS and CARE participant,28,0.21%,30,0.26%,28,0.23%,38,0.26%
Folsom Lake,EOPS participant,302,2.29%,244,2.08%,264,2.14%,332,2.25%
Folsom Lake,Not an EOPS/CARE participant,"12,886",97.50%,"11,447",97.66%,"12,033",97.63%,"14,407",97.50%
Foothill,EOPS and CARE participant,7,0.03%,6,0.03%,3,0.01%,5,0.02%
Foothill,EOPS participant,257,0.97%,223,0.98%,230,1.00%,291,1.23%
Foothill,Not an EOPS/CARE participant,"26,140",99.00%,"22,582",99.00%,"22,699",98.98%,"23,349",98.75%
Fresno City,EOPS and CARE participant,119,0.35%,92,0.29%,143,0.40%,166,0.44%
Fresno City,EOPS participant,"2,113",6.26%,"2,008",6.40%,"2,196",6.18%,"2,498",6.68%
Fresno City,Not an EOPS/CARE participant,"31,542",93.39%,"29,263",93.30%,"33,188",93.42%,"34,732",92.88%
Fullerton,EOPS and CARE participant,43,0.15%,28,0.11%,38,0.15%,42,0.17%
Fullerton,EOPS participant,"1,287",4.39%,"1,023",4.18%,974,3.88%,877,3.53%
Fullerton,Not an EOPS/CARE participant,"27,993",95.46%,"23,400",95.70%,"24,120",95.97%,"23,929",96.30%
Gavilan,EOPS and CARE participant,27,0.37%,26,0.37%,29,0.35%,53,0.50%
Gavilan,EOPS participant,430,5.86%,422,5.94%,420,5.06%,428,4.01%
Gavilan,Not an EOPS/CARE participant,"6,883",93.77%,"6,659",93.70%,"7,847",94.59%,"10,200",95.50%
Glendale,EOPS and CARE participant,32,0.15%,23,0.12%,21,0.10%,25,0.11%
Glendale,EOPS participant,"1,880",8.94%,"1,708",8.70%,"1,567",7.57%,"2,043",8.89%
Glendale,Not an EOPS/CARE participant,"19,115",90.91%,"17,890",91.18%,"19,121",92.33%,"20,911",91.00%
Golden West,EOPS and CARE participant,12,0.07%,14,0.09%,12,0.07%,17,0.10%
Golden West,EOPS participant,627,3.65%,543,3.45%,614,3.68%,702,4.01%
Golden West,Not an EOPS/CARE participant,"16,550",96.28%,"15,181",96.46%,"16,069",96.25%,"16,794",95.89%
Grossmont,EOPS and CARE participant,41,0.21%,33,0.20%,26,0.15%,59,0.32%
Grossmont,EOPS participant,712,3.68%,576,3.44%,716,4.14%,990,5.29%
Grossmont,Not an EOPS/CARE participant,"18,580",96.11%,"16,130",96.36%,"16,546",95.71%,"17,656",94.39%
Hartnell,EOPS and CARE participant,25,0.21%,21,0.16%,28,0.25%,34,0.24%
Hartnell,EOPS participant,621,5.17%,600,4.62%,518,4.61%,566,3.99%
Hartnell,Not an EOPS/CARE participant,"11,376",94.63%,"12,370",95.22%,"10,681",95.14%,"13,593",95.77%
Imperial,EOPS and CARE participant,169,1.69%,102,0.98%,104,0.94%,150,1.25%
Imperial,EOPS participant,"1,511",15.10%,"1,387",13.37%,"1,803",16.25%,"2,465",20.62%
Imperial,Not an EOPS/CARE participant,"8,327",83.21%,"8,882",85.64%,"9,191",82.82%,"9,338",78.12%
Irvine,EOPS and CARE participant,11,0.05%,6,0.03%,17,0.09%,22,0.10%
Irvine,EOPS participant,704,3.51%,540,2.89%,566,2.99%,707,3.33%
Irvine,Not an EOPS/CARE participant,"19,355",96.44%,"18,118",97.07%,"18,319",96.92%,"20,534",96.57%
LA City,EOPS and CARE participant,40,0.15%,37,0.16%,37,0.15%,60,0.22%
LA City,EOPS participant,"2,013",7.55%,"1,599",6.81%,"1,635",6.44%,"1,600",5.78%
LA City,Not an EOPS/CARE participant,"24,610",92.30%,"21,860",93.04%,"23,730",93.42%,"26,019",94.00%
LA Harbor,EOPS and CARE participant,46,0.39%,33,0.33%,47,0.39%,45,0.31%
LA Harbor,EOPS participant,566,4.76%,451,4.49%,574,4.78%,614,4.16%
LA Harbor,Not an EOPS/CARE participant,"11,268",94.85%,"9,570",95.19%,"11,376",94.82%,"14,094",95.53%
LA Mission,EOPS and CARE participant,24,0.16%,34,0.23%,36,0.23%,40,0.22%
LA Mission,EOPS participant,642,4.23%,592,4.01%,669,4.26%,852,4.60%
LA Mission,Not an EOPS/CARE participant,"14,496",95.61%,"14,142",95.76%,"15,017",95.52%,"17,643",95.19%
LA Pierce,EOPS and CARE participant,19,0.07%,12,0.05%,26,0.11%,25,0.10%
LA Pierce,EOPS participant,942,3.56%,649,2.88%,792,3.36%,794,3.17%
LA Pierce,Not an EOPS/CARE participant,"25,499",96.37%,"21,877",97.07%,"22,726",96.53%,"24,246",96.73%
LA Swest,EOPS and CARE participant,14,0.15%,11,0.13%,17,0.18%,36,0.36%
LA Swest,EOPS participant,260,2.70%,202,2.32%,299,3.08%,306,3.10%
LA Swest,Not an EOPS/CARE participant,"9,343",97.15%,"8,498",97.55%,"9,387",96.74%,"9,542",96.54%
LA Trade,EOPS and CARE participant,72,0.36%,64,0.38%,76,0.42%,119,0.57%
LA Trade,EOPS participant,832,4.21%,718,4.25%,"1,039",5.81%,"1,259",6.01%
LA Trade,Not an EOPS/CARE participant,"18,856",95.43%,"16,127",95.38%,"16,774",93.77%,"19,571",93.42%
LA Valley,EOPS and CARE participant,29,0.12%,30,0.14%,56,0.23%,54,0.21%
LA Valley,EOPS participant,915,3.72%,865,3.94%,"1,104",4.51%,"1,116",4.25%
LA Valley,Not an EOPS/CARE participant,"23,649",96.16%,"21,036",95.92%,"23,340",95.27%,"25,109",95.55%
Lake Tahoe,EOPS and CARE participant,4,0.07%,6,0.10%,8,0.09%,15,0.16%
Lake Tahoe,EOPS participant,92,1.55%,77,1.22%,112,1.29%,158,1.65%
Lake Tahoe,Not an EOPS/CARE participant,"5,835",98.38%,"6,226",98.68%,"8,532",98.61%,"9,425",98.20%
Laney,EOPS and CARE participant,33,0.21%,22,0.15%,27,0.17%,35,0.21%
Laney,EOPS participant,596,3.80%,476,3.29%,481,3.00%,505,3.05%
Laney,Not an EOPS/CARE participant,"15,037",95.98%,"13,955",96.55%,"15,502",96.83%,"16,004",96.74%
Las Positas,EOPS and CARE participant,10,0.09%,6,0.07%,11,0.12%,13,0.12%
Las Positas,EOPS participant,299,2.72%,222,2.42%,237,2.52%,278,2.65%
Las Positas,Not an EOPS/CARE participant,"10,695",97.19%,"8,952",97.52%,"9,150",97.36%,"10,214",97.23%
Lassen,EOPS and CARE participant,7,0.26%,7,0.27%,14,0.49%,18,0.60%
Lassen,EOPS participant,156,5.71%,105,4.10%,212,7.39%,211,7.04%
Lassen,Not an EOPS/CARE participant,"2,571",94.04%,"2,448",95.63%,"2,643",92.12%,"2,767",92.36%
Long Beach,EOPS and CARE participant,72,0.21%,72,0.21%,129,0.37%,153,0.40%
Long Beach,EOPS participant,"1,442",4.17%,"1,173",3.42%,"1,227",3.55%,"1,515",3.95%
Long Beach,Not an EOPS/CARE participant,"33,028",95.62%,"33,038",96.37%,"33,211",96.08%,"36,717",95.65%
Los Medanos,EOPS and CARE participant,17,0.15%,24,0.23%,28,0.27%,52,0.46%
Los Medanos,EOPS participant,618,5.30%,496,4.84%,524,4.99%,667,5.96%
Los Medanos,Not an EOPS/CARE participant,"11,016",94.55%,"9,722",94.92%,"9,955",94.75%,"10,467",93.57%
Madera,EOPS and CARE participant,22,0.33%,18,0.23%,18,0.21%,26,0.26%
Madera,EOPS participant,248,3.75%,206,2.68%,232,2.71%,323,3.19%
Madera,Not an EOPS/CARE participant,"6,343",95.92%,"7,449",97.08%,"8,319",97.08%,"9,782",96.56%
Marin,EOPS and CARE participant,19,0.28%,26,0.36%,19,0.25%,23,0.26%
Marin,EOPS participant,284,4.22%,292,4.00%,291,3.78%,295,3.34%
Marin,Not an EOPS/CARE participant,"6,423",95.50%,"6,973",95.64%,"7,396",95.98%,"8,510",96.40%
Mendocino,EOPS and CARE participant,11,0.25%,9,0.18%,22,0.37%,41,0.60%
Mendocino,EOPS participant,426,9.53%,383,7.61%,411,6.86%,473,6.88%
Mendocino,Not an EOPS/CARE participant,"4,032",90.22%,"4,639",92.21%,"5,554",92.77%,"6,360",92.52%
Merced,EOPS and CARE participant,89,0.67%,94,0.70%,146,0.97%,180,1.08%
Merced,EOPS participant,927,6.96%,"1,053",7.80%,"1,178",7.86%,"1,319",7.92%
Merced,Not an EOPS/CARE participant,"12,309",92.38%,"12,352",91.50%,"13,667",91.17%,"15,147",90.99%
Merritt,EOPS and CARE participant,16,0.14%,9,0.08%,17,0.15%,14,0.11%
Merritt,EOPS participant,305,2.74%,170,1.53%,169,1.51%,224,1.82%
Merritt,Not an EOPS/CARE participant,"10,807",97.12%,"10,909",98.39%,"10,996",98.34%,"12,039",98.06%
MiraCosta,EOPS and CARE participant,29,0.18%,22,0.15%,30,0.19%,34,0.19%
MiraCosta,EOPS participant,527,3.32%,502,3.37%,532,3.36%,571,3.25%
MiraCosta,Not an EOPS/CARE participant,"15,312",96.50%,"14,362",96.48%,"15,276",96.45%,"16,954",96.55%
Mission,EOPS and CARE participant,7,0.07%,6,0.06%,16,0.16%,21,0.19%
Mission,EOPS participant,370,3.52%,321,3.28%,422,4.22%,469,4.23%
Mission,Not an EOPS/CARE participant,"10,123",96.41%,"9,455",96.66%,"9,568",95.62%,"10,593",95.58%
Modesto,EOPS and CARE participant,57,0.28%,56,0.28%,65,0.31%,79,0.35%
Modesto,EOPS participant,"1,138",5.56%,"1,207",5.99%,"1,090",5.15%,"1,329",5.90%
Modesto,Not an EOPS/CARE participant,"19,273",94.16%,"18,882",93.73%,"20,028",94.55%,"21,125",93.75%
Monterey,EOPS and CARE participant,23,0.23%,17,0.18%,33,0.34%,39,0.36%
Monterey,EOPS participant,520,5.14%,504,5.26%,554,5.66%,582,5.40%
Monterey,Not an EOPS/CARE participant,"9,572",94.63%,"9,052",94.56%,"9,202",94.00%,"10,162",94.24%
Moorpark,EOPS and CARE participant,21,0.10%,20,0.11%,29,0.16%,29,0.15%
Moorpark,EOPS participant,413,2.06%,417,2.36%,395,2.21%,553,2.78%
Moorpark,Not an EOPS/CARE participant,"19,609",97.83%,"17,206",97.52%,"17,422",97.62%,"19,313",97.07%
Moreno Valley,EOPS and CARE participant,30,0.22%,24,0.22%,30,0.22%,40,0.26%
Moreno Valley,EOPS participant,587,4.32%,472,4.31%,370,2.76%,333,2.16%
Moreno Valley,Not an EOPS/CARE participant,"12,982",95.46%,"10,445",95.47%,"12,992",97.01%,"15,010",97.58%
Mt San Antonio,EOPS and CARE participant,86,0.20%,86,0.20%,81,0.13%,102,0.17%
Mt San Antonio,EOPS participant,"1,316",3.08%,"1,256",2.93%,"1,384",2.26%,"1,451",2.40%
Mt San Antonio,Not an EOPS/CARE participant,"41,287",96.72%,"41,490",96.87%,"59,677",97.60%,"58,813",97.43%
Mt. San Jacinto,EOPS and CARE participant,32,0.17%,28,0.15%,39,0.18%,50,0.20%
Mt. San Jacinto,EOPS participant,383,2.03%,319,1.69%,395,1.79%,445,1.81%
Mt. San Jacinto,Not an EOPS/CARE participant,"18,446",97.80%,"18,557",98.16%,"21,688",98.04%,"24,090",97.99%
Napa,EOPS and CARE participant,12,0.18%,12,0.20%,12,0.21%,20,0.34%
Napa,EOPS participant,258,3.93%,233,3.97%,196,3.38%,201,3.42%
Napa,Not an EOPS/CARE participant,"6,288",95.88%,"5,631",95.83%,"5,596",96.42%,"5,662",96.24%
Norco,EOPS and CARE participant,17,0.12%,17,0.14%,20,0.15%,18,0.12%
Norco,EOPS participant,346,2.40%,308,2.57%,344,2.54%,431,2.82%
Norco,Not an EOPS/CARE participant,"14,068",97.48%,"11,676",97.29%,"13,174",97.31%,"14,836",97.06%
North Orange Adult,Not an EOPS/CARE participant,761,100.00%,"6,535",100.00%,"10,670",100.00%,"11,778",100.00%
Ohlone,EOPS and CARE participant,7,0.04%,4,0.02%,4,0.03%,9,0.06%
Ohlone,EOPS participant,287,1.65%,203,1.25%,130,0.86%,174,1.21%
Ohlone,Not an EOPS/CARE participant,"17,070",98.31%,"16,009",98.72%,"14,954",99.11%,"14,232",98.73%
Orange Coast,EOPS and CARE participant,28,0.11%,23,0.10%,20,0.09%,29,0.13%
Orange Coast,EOPS participant,"1,164",4.76%,975,4.33%,"1,026",4.58%,"1,100",4.78%
Orange Coast,Not an EOPS/CARE participant,"23,286",95.13%,"21,505",95.57%,"21,365",95.33%,"21,895",95.10%
Oxnard,EOPS and CARE participant,52,0.53%,51,0.55%,48,0.49%,45,0.42%
Oxnard,EOPS participant,653,6.61%,627,6.72%,656,6.74%,799,7.42%
Oxnard,Not an EOPS/CARE participant,"9,175",92.86%,"8,653",92.73%,"9,034",92.77%,"9,931",92.17%
Palo Verde,EOPS and CARE participant,8,0.17%,8,0.14%,22,0.37%,21,0.38%
Palo Verde,EOPS participant,619,13.04%,597,10.58%,624,10.46%,646,11.72%
Palo Verde,Not an EOPS/CARE participant,"4,119",86.79%,"5,036",89.27%,"5,321",89.17%,"4,847",87.90%
Palomar,EOPS and CARE participant,24,0.09%,26,0.11%,27,0.10%,30,0.11%
Palomar,EOPS participant,602,2.22%,569,2.43%,602,2.34%,598,2.18%
Palomar,Not an EOPS/CARE participant,"26,435",97.69%,"22,823",97.46%,"25,125",97.56%,"26,741",97.71%
Pasadena,EOPS and CARE participant,22,0.07%,17,0.06%,16,0.05%,34,0.09%
Pasadena,EOPS participant,877,2.64%,884,3.18%,818,2.68%,"1,141",3.16%
Pasadena,Not an EOPS/CARE participant,"32,347",97.30%,"26,857",96.75%,"29,638",97.26%,"34,925",96.75%
Porterville,EOPS and CARE participant,39,0.75%,31,0.67%,35,0.67%,39,0.65%
Porterville,EOPS participant,558,10.68%,608,13.15%,679,12.96%,773,12.86%
Porterville,Not an EOPS/CARE participant,"4,630",88.58%,"3,983",86.17%,"4,526",86.37%,"5,199",86.49%
Redwoods,EOPS and CARE participant,22,0.43%,32,0.61%,49,0.83%,42,0.67%
Redwoods,EOPS participant,483,9.34%,529,10.09%,506,8.55%,588,9.44%
Redwoods,Not an EOPS/CARE participant,"4,667",90.24%,"4,683",89.30%,"5,362",90.62%,"5,599",89.89%
Reedley College,EOPS and CARE participant,21,0.16%,20,0.20%,31,0.25%,42,0.29%
Reedley College,EOPS participant,681,5.34%,542,5.32%,664,5.40%,897,6.27%
Reedley College,Not an EOPS/CARE participant,"12,041",94.49%,"9,627",94.48%,"11,593",94.34%,"13,377",93.44%
Rio Hondo,EOPS and CARE participant,50,0.21%,43,0.19%,73,0.29%,88,0.29%
Rio Hondo,EOPS participant,"1,150",4.79%,996,4.51%,969,3.88%,"1,027",3.37%
Rio Hondo,Not an EOPS/CARE participant,"22,819",95.00%,"21,044",95.30%,"23,922",95.83%,"29,374",96.34%
Riverside,EOPS and CARE participant,69,0.25%,66,0.28%,68,0.26%,120,0.44%
Riverside,EOPS participant,"1,254",4.54%,"1,151",4.88%,"1,205",4.65%,"1,308",4.76%
Riverside,Not an EOPS/CARE participant,"26,311",95.21%,"22,375",94.84%,"24,661",95.09%,"26,047",94.80%
Sacramento City,EOPS and CARE participant,47,0.17%,33,0.13%,36,0.15%,67,0.25%
Sacramento City,EOPS participant,975,3.51%,870,3.52%,802,3.27%,"1,039",3.81%
Sacramento City,Not an EOPS/CARE participant,"26,757",96.32%,"23,802",96.34%,"23,718",96.59%,"26,158",95.94%
Saddleback,EOPS and CARE participant,13,0.04%,15,0.05%,15,0.05%,13,0.04%
Saddleback,EOPS participant,490,1.51%,427,1.33%,504,1.52%,474,1.29%
Saddleback,Not an EOPS/CARE participant,"31,970",98.45%,"31,643",98.62%,"32,587",98.43%,"36,347",98.68%
San Bernardino,EOPS and CARE participant,39,0.26%,28,0.20%,21,0.14%,30,0.17%
San Bernardino,EOPS participant,589,3.96%,395,2.88%,285,1.96%,425,2.39%
San Bernardino,Not an EOPS/CARE participant,"14,243",95.78%,"13,306",96.92%,"14,251",97.90%,"17,355",97.45%
San Diego Adult,Not an EOPS/CARE participant,"16,725",100.00%,"17,519",100.00%,"21,433",100.00%,"23,331",100.00%
San Diego City,EOPS and CARE participant,31,0.15%,33,0.19%,56,0.32%,78,0.41%
San Diego City,EOPS participant,"1,022",5.06%,896,5.09%,"1,019",5.81%,877,4.61%
San Diego City,Not an EOPS/CARE participant,"19,156",94.79%,"16,668",94.72%,"16,467",93.87%,"18,069",94.98%
San Diego Mesa,EOPS and CARE participant,19,0.07%,18,0.07%,16,0.06%,27,0.10%
San Diego Mesa,EOPS participant,762,2.80%,829,3.39%,743,2.87%,695,2.52%
San Diego Mesa,Not an EOPS/CARE participant,"26,441",97.13%,"23,596",96.53%,"25,092",97.06%,"26,803",97.38%
San Diego Miramar,EOPS and CARE participant,9,0.05%,16,0.09%,26,0.14%,30,0.15%
San Diego Miramar,EOPS participant,494,2.52%,471,2.51%,453,2.36%,527,2.55%
San Diego Miramar,Not an EOPS/CARE participant,"19,063",97.43%,"18,255",97.40%,"18,711",97.50%,"20,083",97.30%
San Francisco,EOPS and CARE participant,12,0.04%,20,0.07%,17,0.06%,41,0.12%
San Francisco,EOPS participant,"1,184",3.89%,"1,193",4.18%,"1,119",3.69%,"1,175",3.38%
San Francisco,Not an EOPS/CARE participant,"29,260",96.07%,"27,331",95.75%,"29,224",96.26%,"33,548",96.50%
San Joaquin Delta,EOPS and CARE participant,91,0.36%,76,0.31%,54,0.23%,110,0.41%
San Joaquin Delta,EOPS participant,"1,178",4.60%,869,3.59%,739,3.14%,868,3.22%
San Joaquin Delta,Not an EOPS/CARE participant,"24,321",95.04%,"23,229",96.09%,"22,773",96.63%,"25,984",96.37%
San Jose City,EOPS and CARE participant,8,0.06%,9,0.08%,13,0.12%,11,0.08%
San Jose City,EOPS participant,712,5.71%,665,6.01%,775,7.09%,784,6.06%
San Jose City,Not an EOPS/CARE participant,"11,760",94.23%,"10,398",93.91%,"10,150",92.80%,"12,151",93.86%
San Mateo,EOPS and CARE participant,5,0.04%,5,0.04%,7,0.06%,10,0.07%
San Mateo,EOPS participant,356,2.72%,326,2.75%,390,3.28%,372,2.71%
San Mateo,Not an EOPS/CARE participant,"12,732",97.24%,"11,520",97.21%,"11,505",96.66%,"13,359",97.22%
Santa Ana,EOPS and CARE participant,28,0.07%,22,0.05%,20,0.04%,46,0.09%
Santa Ana,EOPS participant,909,2.24%,685,1.67%,862,1.90%,"1,209",2.38%
Santa Ana,Not an EOPS/CARE participant,"39,679",97.69%,"40,388",98.28%,"44,576",98.06%,"49,514",97.53%
Santa Barbara,EOPS and CARE participant,16,0.08%,8,0.04%,3,0.01%,8,0.03%
Santa Barbara,EOPS participant,844,4.12%,736,3.55%,931,4.03%,"1,019",4.10%
Santa Barbara,Not an EOPS/CARE participant,"19,630",95.80%,"19,985",96.41%,"22,167",95.96%,"23,850",95.87%
Santa Monica,EOPS and CARE participant,1,0.00%,2,0.01%,3,0.01%,17,0.05%
Santa Monica,EOPS participant,571,1.49%,609,1.81%,637,1.94%,580,1.70%
Santa Monica,Not an EOPS/CARE participant,"37,834",98.51%,"33,086",98.19%,"32,187",98.05%,"33,553",98.25%
Santa Rosa,EOPS and CARE participant,18,0.06%,22,0.08%,21,0.08%,40,0.14%
Santa Rosa,EOPS participant,723,2.52%,660,2.51%,717,2.58%,719,2.44%
Santa Rosa,Not an EOPS/CARE participant,"27,948",97.42%,"25,622",97.41%,"27,036",97.34%,"28,685",97.42%
Santiago Canyon,EOPS and CARE participant,11,0.05%,9,0.04%,11,0.05%,10,0.05%
Santiago Canyon,EOPS participant,281,1.17%,211,0.95%,183,0.84%,208,0.94%
Santiago Canyon,Not an EOPS/CARE participant,"23,637",98.78%,"21,926",99.01%,"21,683",99.11%,"21,837",99.01%
Sequoias,EOPS and CARE participant,53,0.33%,55,0.36%,67,0.40%,85,0.48%
Sequoias,EOPS participant,"1,177",7.37%,"1,188",7.71%,"1,186",7.12%,"1,190",6.69%
Sequoias,Not an EOPS/CARE participant,"14,736",92.30%,"14,162",91.93%,"15,404",92.48%,"16,525",92.84%
Shasta,EOPS and CARE participant,40,0.37%,34,0.32%,41,0.36%,55,0.44%
Shasta,EOPS participant,815,7.57%,783,7.38%,868,7.62%,917,7.30%
Shasta,Not an EOPS/CARE participant,"9,913",92.06%,"9,798",92.30%,"10,476",92.02%,"11,584",92.26%
Sierra,EOPS and CARE participant,39,0.18%,31,0.15%,50,0.23%,73,0.30%
Sierra,EOPS participant,732,3.36%,726,3.46%,689,3.14%,933,3.85%
Sierra,Not an EOPS/CARE participant,"21,009",96.46%,"20,220",96.39%,"21,230",96.64%,"23,225",95.85%
Siskiyous,EOPS and CARE participant,3,0.11%,3,0.10%,2,0.08%,4,0.15%
Siskiyous,EOPS participant,143,5.27%,119,3.85%,123,4.98%,160,6.01%
Siskiyous,Not an EOPS/CARE participant,"2,568",94.62%,"2,971",96.06%,"2,344",94.94%,"2,498",93.84%
Skyline,EOPS and CARE participant,6,0.04%,2,0.01%,3,0.02%,4,0.03%
Skyline,EOPS participant,197,1.23%,150,1.05%,152,1.08%,231,1.48%
Skyline,Not an EOPS/CARE participant,"15,780",98.73%,"14,097",98.93%,"13,978",98.90%,"15,353",98.49%
Solano,EOPS and CARE participant,17,0.14%,12,0.12%,19,0.17%,26,0.22%
Solano,EOPS participant,201,1.67%,165,1.60%,210,1.91%,267,2.25%
Solano,Not an EOPS/CARE participant,"11,842",98.19%,"10,153",98.29%,"10,777",97.92%,"11,554",97.53%
Southwestern,EOPS and CARE participant,55,0.22%,47,0.20%,65,0.26%,89,0.32%
Southwestern,EOPS participant,"2,077",8.30%,"1,708",7.42%,"1,889",7.60%,"1,945",6.97%
Southwestern,Not an EOPS/CARE participant,"22,896",91.48%,"21,275",92.38%,"22,909",92.14%,"25,862",92.71%
Taft,EOPS and CARE participant,8,0.14%,4,0.06%,7,0.11%,16,0.22%
Taft,EOPS participant,242,4.29%,221,3.56%,212,3.26%,301,4.07%
Taft,Not an EOPS/CARE participant,"5,386",95.56%,"5,986",96.38%,"6,293",96.64%,"7,080",95.71%
Ventura,EOPS and CARE participant,13,0.08%,18,0.12%,15,0.10%,16,0.10%
Ventura,EOPS participant,465,2.81%,595,4.06%,472,3.15%,552,3.32%
Ventura,Not an EOPS/CARE participant,"16,093",97.12%,"14,058",95.82%,"14,482",96.75%,"16,061",96.58%
Victor Valley,EOPS and CARE participant,41,0.30%,26,0.19%,72,0.42%,105,0.53%
Victor Valley,EOPS participant,"1,094",7.88%,"1,063",7.67%,"1,221",7.14%,"1,265",6.38%
Victor Valley,Not an EOPS/CARE participant,"12,744",91.82%,"12,768",92.14%,"15,808",92.44%,"18,447",93.09%
West Hills Coalinga,EOPS and CARE participant,9,0.16%,6,0.11%,7,0.15%,11,0.21%
West Hills Coalinga,EOPS participant,234,4.04%,225,4.19%,218,4.82%,216,4.09%
West Hills Coalinga,Not an EOPS/CARE participant,"5,542",95.80%,"5,138",95.70%,"4,302",95.03%,"5,060",95.71%
West Hills Lemoore,EOPS and CARE participant,36,0.58%,23,0.40%,31,0.50%,34,0.51%
West Hills Lemoore,EOPS participant,379,6.15%,346,6.00%,402,6.45%,501,7.54%
West Hills Lemoore,Not an EOPS/CARE participant,"5,747",93.27%,"5,396",93.60%,"5,797",93.05%,"6,109",91.95%
West LA,EOPS and CARE participant,29,0.14%,27,0.17%,50,0.32%,52,0.31%
West LA,EOPS participant,630,3.12%,575,3.52%,693,4.44%,793,4.74%
West LA,Not an EOPS/CARE participant,"19,512",96.73%,"15,723",96.31%,"14,866",95.24%,"15,883",94.95%
West Valley,EOPS and CARE participant,7,0.06%,10,0.09%,8,0.07%,9,0.07%
West Valley,EOPS participant,361,2.97%,303,2.72%,313,2.63%,379,2.88%
West Valley,Not an EOPS/CARE participant,"11,780",96.97%,"10,814",97.19%,"11,565",97.30%,"12,760",97.05%
Woodland,EOPS and CARE participant,18,0.30%,24,0.47%,26,0.48%,22,0.36%
Woodland,EOPS participant,415,6.99%,403,7.85%,394,7.34%,435,7.02%
Woodland,Not an EOPS/CARE participant,"5,507",92.71%,"4,710",91.69%,"4,950",92.18%,"5,738",92.62%
Yuba,EOPS and CARE participant,35,0.43%,29,0.40%,22,0.29%,42,0.50%
Yuba,EOPS participant,592,7.28%,523,7.22%,447,5.87%,480,5.73%
Yuba,Not an EOPS/CARE participant,"7,500",92.28%,"6,694",92.38%,"7,149",93.84%,"7,849",93.76%
